subject_id,label,factor_1,factor_2,factor_3,factor_4,factor_5,method
E002473,FIN/EST,0.201314400550199,0.371564201597072,1.3829014162564,0.477528691741934,-0.550273067975035,TEMPTED
E003393,FIN/EST,0.782951288039243,-1.46128942279632,1.56064685246328,0.641695250731419,-2.88573145704444,TEMPTED
E004781,FIN/EST,-0.24026171908256,-0.45591705836348,1.1115925668889,0.174997768905263,-0.654195599178701,TEMPTED
E005804,FIN/EST,0.402215352955002,-1.0095719515037,-0.257820764591541,-0.953543303742268,0.18487953841227,TEMPTED
E007303,FIN/EST,0.114388644462379,-0.773381833349248,-0.0091511660132966,0.577648174120295,0.773137970563859,TEMPTED
E007743,FIN/EST,-0.0660035385977851,-0.657889438246434,0.733707679218192,0.220537478961186,0.59575458512489,TEMPTED
E009676,FIN/EST,0.526704959806884,-0.622239514907675,0.200788139289258,-0.820193261726915,-0.647179581822062,TEMPTED
E011459,FIN/EST,1.05908716117042,-1.19724219582304,-1.05530839851464,-0.828416027022701,-0.804908049149952,TEMPTED
E012115,FIN/EST,-0.178771440386182,-1.42979020641962,0.881619152883069,1.42117201816805,-1.0093402562052,TEMPTED
E012971,FIN/EST,0.472512991223692,-1.00415240603538,0.0275043678559891,-0.685777930916866,0.081760176953101,TEMPTED
E013394,FIN/EST,1.46607892149526,-1.13581797215971,-0.959413201647618,0.146031909808986,1.06645279090918,TEMPTED
E015378,FIN/EST,-0.244639076615303,-0.012037478643678,0.754666344786183,-0.707859511232705,-0.527541777390698,TEMPTED
E015991,FIN/EST,0.573810258719374,-1.13921851990772,-1.03667761658601,-1.36610389084223,-0.322476324968209,TEMPTED
E016148,FIN/EST,-0.573998702211042,-0.284944238076709,2.01630665385181,0.547189185756629,-0.887587568396319,TEMPTED
E016444,FIN/EST,-1.22734668856134,0.0260093107802079,0.900569247702058,-0.235165908652062,1.27169867246386,TEMPTED
E019349,FIN/EST,-0.659857099041845,-0.629981476846667,0.471802014658558,0.191323955885963,0.472793740754944,TEMPTED
E022960,FIN/EST,0.848272408761912,-1.1522578285745,-1.28302185820522,-0.728211876341492,2.77588142029359,TEMPTED
E024646,FIN/EST,0.0061858386387281,-0.58503683183363,1.3623516305581,-1.0070034521947,-0.51965031096121,TEMPTED
E025912,FIN/EST,-0.0612232172529957,-1.07662775296574,-0.172155288686653,-2.1676349177433,0.551693923739635,TEMPTED
E029310,FIN/EST,-0.11780105549508,-0.771686878581718,0.302666444344291,-0.459586611317604,-1.47415439771671,TEMPTED
E033156,FIN/EST,-0.184060864076083,-0.36880279431316,-0.525247586574152,0.520702533134328,0.0479385463426835,TEMPTED
P001307,RUS,-0.0976840349374685,1.34738449960542,-0.451036986487773,1.28773754429989,-0.189620336960821,TEMPTED
P003173,RUS,-1.82270068566892,0.0873895657018788,-1.67696270960488,-0.13947391899867,1.4761669350383,TEMPTED
P003435,RUS,1.91763688452774,1.56004066409957,-1.53680716383236,-0.0499171133173595,0.34708910816748,TEMPTED
P003558,RUS,-1.7900979159659,1.81161330052501,-0.685669635300233,-0.834626155893072,0.0987485708026815,TEMPTED
P004230,RUS,0.650113908940855,1.15143789806875,-1.01120662221437,0.489143242929922,0.0230654074098726,TEMPTED
P004847,RUS,-1.35539613357686,1.94446411633546,-0.825703113803389,-1.11768942513287,-0.653661875752204,TEMPTED
P004946,RUS,1.43770222091626,2.16878603357202,-1.1713695085505,0.768358875135528,0.542839115703233,TEMPTED
P006035,RUS,-0.564214134638941,0.0804744922768098,-1.26472678640065,-1.13079448131719,0.935033835832892,TEMPTED
P007857,RUS,1.34879469881271,1.83127340784953,-1.15281176662809,-0.642133034100777,0.280756154872952,TEMPTED
P008543,RUS,0.586571943029961,1.06032490837201,-0.856150586095106,0.708469489217369,-0.796647084801891,TEMPTED
P008723,RUS,-1.51549015033954,0.209028869219646,-0.872544923100224,0.697835034740347,-0.35994955698168,TEMPTED
P009219,RUS,-2.88357305815638,1.80082730996581,0.362123137210143,0.863408174444442,-1.34912217497336,TEMPTED
P009746,RUS,-0.657932917401978,1.6291887282104,-0.718207270277013,-0.788652425368481,1.24061326030772,TEMPTED
P010313,RUS,0.383750324479151,0.423539836779549,-0.0355498510369764,4.03959663134058,-2.85725456584984,TEMPTED
P014605,RUS,0.803939267274025,0.217805300182242,0.823110240195198,-0.199311389541779,1.75053384149568,TEMPTED
P015091,RUS,0.642436691234032,1.71981892631791,0.420477482737537,1.13934687674293,-0.0936768259635452,TEMPTED
P016497,RUS,0.478515395379885,-0.0576863521882298,-1.1654819399998,0.837617058048121,-0.132261658716457,TEMPTED
P016574,RUS,0.380505257553956,0.610969219302396,0.953083470437077,0.59345562245258,1.41818139148107,TEMPTED
P017743,RUS,0.247597028248546,1.17841068255239,1.53573092896699,0.523245523206294,-0.0653082388916647,TEMPTED
P020631,RUS,-0.0190319697340913,0.226474132851739,-0.747949556276951,-0.70032023269886,1.19032492865702,TEMPTED
P020799,RUS,0.862350952362224,-0.0048170545924784,-0.418581316215683,0.267158779289484,1.50883520424066,TEMPTED
T000461,FIN/EST,1.11636749090107,-0.781306199782162,-0.256172925053785,0.891780258709478,-0.576971218800054,TEMPTED
T005507,FIN/EST,0.299599438619653,-1.72716071095691,-0.747626563186842,-0.862510366525864,0.794657787279305,TEMPTED
T005999,FIN/EST,0.663084790856626,-0.0190551610980945,1.72708071152563,-0.116925372747914,1.25027684595167,TEMPTED
T008025,FIN/EST,-0.855245099005464,-1.26724365125666,0.185216904896866,-0.16210562690679,1.91062404716213,TEMPTED
T009909,FIN/EST,-0.948646414475756,-0.402512512387872,0.260172461242842,0.829734691005435,-1.86507570121287,TEMPTED
T011454,FIN/EST,-0.979820142412685,0.758080751820101,-0.614686680333784,-0.981184897214502,1.32392946251257,TEMPTED
T012138,FIN/EST,-0.736051796875733,-0.171573604083145,-0.996511215696576,-0.386922762559203,0.320729849081328,TEMPTED
T012374,FIN/EST,-0.462823409194624,-0.075894977222661,1.6474114450027,0.347961962445386,-0.545465577648088,TEMPTED
T012389,FIN/EST,-0.375192233030297,-1.10308806706813,-2.12490683231379,0.566904915476463,-0.324494214554887,TEMPTED
T012983,FIN/EST,-0.294005017374584,-0.580938391880167,-0.208823860877858,-0.670069905860116,-0.071434037286144,TEMPTED
T013828,FIN/EST,1.15800001953265,-0.544230265924197,-0.0354235354001239,1.44293161349837,0.541707675093321,TEMPTED
T014806,FIN/EST,-0.189914056760272,0.494786167029469,0.350875534429693,0.580286518111622,-0.942723417196803,TEMPTED
T014827,FIN/EST,-0.0135577003345615,-0.0432554037751038,1.19972111146075,0.122834835059712,0.326460090587638,TEMPTED
T016234,FIN/EST,-0.471616340110498,-0.715496521265725,-1.74462408505946,-1.47860642029071,0.230122720700332,TEMPTED
T017394,FIN/EST,-1.12068048857756,-0.9865414906809,-1.29385360438234,-0.687745402113297,0.681125647081226,TEMPTED
T017419,FIN/EST,-0.997086235918205,-0.856585535743193,0.279029480765942,-0.906719621057438,0.675636056161359,TEMPTED
T019850,FIN/EST,-0.374327779734821,-0.154505173239838,0.0110648014707265,-1.02337511178052,-0.182287412957748,TEMPTED
T019852,FIN/EST,0.284210068688069,-0.955887041778526,0.239749304324577,0.269000330421426,-0.131670452676465,TEMPTED
T021076,FIN/EST,0.853716299703305,-0.40513845031052,0.964234091163288,-0.681924209405796,-1.57011373136566,TEMPTED
T026211,FIN/EST,-0.724239363135983,0.656147832015441,0.230716159932587,-0.915734638359361,0.725719618827427,TEMPTED
T029687,FIN/EST,-0.757934406117961,-0.640948745872338,-0.189088629382241,-2.15338823907339,-0.668164819368573,TEMPTED
E002473,FIN/EST,-0.0107050691423775,-0.0238837564864317,-0.1137173038912748,1.2089544310882,-0.3205244997179359,MEFISTO
E003393,FIN/EST,0.8100983043555114,-0.9566386347620276,-0.9448092414924348,0.3327699336745462,-1.3661694984424408,MEFISTO
E004781,FIN/EST,0.4264257519057912,-0.301238499123597,0.9401537031623513,0.1253099025637462,-0.8361571695989785,MEFISTO
E005804,FIN/EST,-0.0257978240578147,-0.4902537348246864,0.3965991058379411,-0.0278599341931461,-0.5371035509663417,MEFISTO
E007303,FIN/EST,-0.9749850162602866,-0.6578024346587414,0.9821700029626408,-0.491112656664111,0.7076224014331849,MEFISTO
E007743,FIN/EST,-0.9764288667645942,-0.4477379796972502,0.8211174170943889,-0.4724095720499305,1.117103253168929,MEFISTO
E009676,FIN/EST,0.3915788560530976,-0.403633803192903,-0.9353453440421016,-0.5650127450517101,-0.657088860297221,MEFISTO
E011459,FIN/EST,-1.663244654188733,-0.5621035066436473,-1.4382960330545584,0.3367278595943194,0.966683551295511,MEFISTO
E012115,FIN/EST,0.107495311634474,-1.0223082768922758,-0.932029131675668,1.0080877693759742,-1.4348798271073273,MEFISTO
E012971,FIN/EST,-1.6040626720974016,-1.0250569304821229,0.6637609157221787,-0.8901359461966318,1.0798148381566202,MEFISTO
E013394,FIN/EST,-0.3208542939372915,-0.7009607339505833,1.395400623700725,-1.3229534187939878,0.0145751343159943,MEFISTO
E015378,FIN/EST,-0.8406381809914256,-0.3310060525533742,-0.86097621682859,1.1312030315957973,0.5175291874689814,MEFISTO
E015991,FIN/EST,-0.198309378096941,-0.7961858803994469,-0.5665256630335799,-0.8306301364883668,0.6113440354324259,MEFISTO
E016148,FIN/EST,0.8457666973477171,-0.0224012405014475,0.4745594063754749,1.997038500820221,-0.6745958674487529,MEFISTO
E016444,FIN/EST,-0.9507280691746136,-0.2101594261817729,0.3958652956331928,1.2322644867097965,1.249578426994736,MEFISTO
E019349,FIN/EST,0.3071536004649609,-0.3432720508493704,0.1248404029466662,0.0493594884151498,-0.0050402721598347,MEFISTO
E022960,FIN/EST,-0.2855991825853662,-0.4404396263233011,0.5724703153985451,-2.847657924828284,0.5216923359632631,MEFISTO
E024646,FIN/EST,0.8235637382090112,-0.5844325220455482,-0.8588196014776653,-0.1149577778572482,-1.2830007768244935,MEFISTO
E025912,FIN/EST,-1.0059304648805552,-0.987169165427112,3.06744251238363,-1.1655388075547497,0.311621829435793,MEFISTO
E029310,FIN/EST,-0.6676386312649797,-0.8173354663041519,0.0551952022577861,-0.2662159050800202,0.1558717995807401,MEFISTO
E033156,FIN/EST,-0.2968841943687785,-0.1478763763940244,-0.6084306230817419,-0.3611965529830214,0.2621971821268723,MEFISTO
P001307,RUS,-0.726916442963209,0.616886663592222,0.5333263023720055,0.5266219961866309,1.2058755633912182,MEFISTO
P003173,RUS,-1.5156795961181646,-0.2514326206016637,0.502004344097263,-1.0052133293057737,2.259714598401473,MEFISTO
P003435,RUS,0.2768081699612097,2.103030347342887,0.984727754337176,-0.0981422570573765,0.5032385451346711,MEFISTO
P003558,RUS,2.2077954304246874,2.0105962817149137,0.1631340984401445,-0.1050734702662925,-1.3407279691541356,MEFISTO
P004230,RUS,-0.0938659197052725,0.941484052137071,1.0286240403445537,-0.4565117046722354,0.558385153198956,MEFISTO
P004847,RUS,3.4468547908126013,2.3336738699009647,-0.3951160903094961,-0.7468455671570038,-2.646424579402795,MEFISTO
P004946,RUS,-0.0431539452556428,2.0712316168278395,2.299538888809717,-0.7117041576053058,1.3090682108331275,MEFISTO
P006035,RUS,-1.0106593764048948,0.5145535912556207,1.2141394311838531,0.253830269125223,0.913154159434562,MEFISTO
P007857,RUS,0.783415491697306,1.5882321187530248,0.9047918659045092,-0.2895334627734816,0.2812322344384028,MEFISTO
P008543,RUS,0.5969878790576023,1.0627409078208323,0.0361687898934006,0.3931879440404813,-0.355102039389015,MEFISTO
P008723,RUS,1.2869111287720325,0.6501058558299614,-0.6039424699528703,-1.33226519772179,-0.592071329424404,MEFISTO
P009219,RUS,2.2036391267424302,1.762087533722136,-1.185059953169933,-0.0401156508934774,-1.5760678584864858,MEFISTO
P009746,RUS,0.971919918503041,1.7198897642201445,0.5101219734984382,0.0862686972051312,-0.1561095414630441,MEFISTO
P010313,RUS,2.0293588232388617,1.3327093045713734,-1.1638319369574437,0.0819840839774797,-2.4197243882398185,MEFISTO
P014605,RUS,-0.4274638646869417,0.1274842125557511,-0.6460998235439451,1.440501769287244,0.5047934553990817,MEFISTO
P015091,RUS,-0.2868080427832339,1.4182046020029124,0.7228031139325256,1.2579183379107992,-0.0726886458159496,MEFISTO
P016497,RUS,-0.7467350005627365,0.504366174541132,-0.4156171326684881,0.5179400780451089,0.9661683630058044,MEFISTO
P016574,RUS,-1.2208776410850506,-0.0008812525442194,0.4760606480254369,1.146155640860678,1.790140390165562,MEFISTO
P017743,RUS,0.4707211206000231,1.4051840020921942,-0.8348261967426611,2.7763416488278287,-0.8119111031132749,MEFISTO
P020631,RUS,-1.6065571849696088,0.141778628040434,1.1630205341944062,-0.3540492978467121,1.817967753547905,MEFISTO
P020799,RUS,-0.9582559023751164,-0.1921021810123634,-0.2880775152292318,-0.7617650283825562,1.739368130058161,MEFISTO
T000461,FIN/EST,-0.6689215401909331,-0.3489344648875855,-0.2935320722359129,0.392696120827948,-0.0888008606155943,MEFISTO
T005507,FIN/EST,-0.5614639373407848,-1.084812544117315,0.4248706702301242,-1.0591615080466217,0.4604470352508427,MEFISTO
T005999,FIN/EST,0.1373955924061535,-0.0138574680970894,-1.4033858339986494,1.6977556628979955,0.2987823118747412,MEFISTO
T008025,FIN/EST,-0.0639575292260506,-1.0905684359074956,0.5040576161581914,-0.8187750769084032,0.0144562213458609,MEFISTO
T009909,FIN/EST,0.4763616571051279,-0.2312550204956442,-0.4902193308148905,1.0401488076678762,-0.5151333561957471,MEFISTO
T011454,FIN/EST,-1.365618153298385,0.5973226369812753,0.4013505601223047,-0.074608338504283,2.1560320240458744,MEFISTO
T012138,FIN/EST,-0.9915880200916232,-0.0661109325328334,0.7735229073587898,0.7378387974924377,1.1287921670595162,MEFISTO
T012374,FIN/EST,-0.06146716736547,0.2016149211239517,-1.4686589336999298,1.6035016507170363,0.5651345275932514,MEFISTO
T012389,FIN/EST,-0.2422243760059922,-0.7654047495124281,1.1553320244304826,-1.821690502127988,0.255582573166664,MEFISTO
T012983,FIN/EST,-1.2033337512616646,-0.3633113717515429,-0.7679253109491875,-0.7016131019157056,1.0403535728203654,MEFISTO
T013828,FIN/EST,-0.2172114150316376,-0.0934914691815363,-1.3740144614638212,-0.8708451272589276,0.5784562392311029,MEFISTO
T014806,FIN/EST,0.6979355523857763,0.3716379012160629,0.7381183533153719,-0.1421754921543099,-0.3178176149481251,MEFISTO
T014827,FIN/EST,-0.3520901068256153,-0.6562438091337469,0.0970316415717058,0.4917207856206373,0.3465820888753225,MEFISTO
T016234,FIN/EST,-0.4484560315800481,0.1460913585155084,-0.2651742360096691,-0.5207219549917784,1.065711290103282,MEFISTO
T017394,FIN/EST,0.4812676520530956,-0.1959370648636168,-0.6337470302704326,-0.8357251340544178,0.3716277305103617,MEFISTO
T017419,FIN/EST,-1.247863366903217,-0.6253627548194378,0.3332900122864339,0.3486734818379928,0.4296961384554563,MEFISTO
T019850,FIN/EST,0.12944676927159,0.0197764049503291,-1.5758363594887617,0.7622200075783294,-0.0326145736680178,MEFISTO
T019852,FIN/EST,-0.7816638685231826,-0.7692631575208434,0.0304668790504921,-0.5608753803841029,-0.4643171935347628,MEFISTO
T021076,FIN/EST,1.0406710305427986,-0.6178908860470211,-0.2765846460936731,-1.3340883559336103,-1.4484660819962467,MEFISTO
T026211,FIN/EST,-0.7354861304035503,-0.3130972323571222,-0.0841047628754325,0.1063224675148637,0.8592847691347124,MEFISTO
T029687,FIN/EST,-0.0795951479118301,-1.0175110998622423,-1.0146934944078212,0.2747737662876832,0.1256061137774123,MEFISTO
