method,metadata,type,dimension,association,absolute_association
TEMPTED,delivery,categorical,component_1,0.2334619177227082,0.2334619177227082
TEMPTED,delivery,categorical,component_2,0.8028693493497536,0.8028693493497536
TEMPTED,gest_time,numeric,component_1,-0.08313657672436406,0.08313657672436406
TEMPTED,gest_time,numeric,component_2,0.12400365849596802,0.12400365849596802
TEMPTED,gender,categorical,component_1,0.22212927823367268,0.22212927823367268
TEMPTED,gender,categorical,component_2,0.14211042488106293,0.14211042488106293
TEMPTED,country,categorical,component_1,0.2785632716955065,0.2785632716955065
TEMPTED,country,categorical,component_2,1.2576597923274724,1.2576597923274724
TEMPTED,bf_length,numeric,component_1,0.06501806470183828,0.06501806470183828
TEMPTED,bf_length,numeric,component_2,0.07338978264866153,0.07338978264866153
TEMPTED,num_abx_treatments,numeric,component_1,-0.16715249277770117,0.16715249277770117
TEMPTED,num_abx_treatments,numeric,component_2,0.32383877543696027,0.32383877543696027
TEMPTED,num_abx_first_year,numeric,component_1,0.03496255119309783,0.03496255119309783
TEMPTED,num_abx_first_year,numeric,component_2,0.2052272884935283,0.2052272884935283
TEMPTED,abx_first_year,categorical,component_1,0.12672127940615752,0.12672127940615752
TEMPTED,abx_first_year,categorical,component_2,0.39726252062238737,0.39726252062238737
TEMPTED,hla_risk_class,categorical,component_1,0.3598305798980982,0.3598305798980982
TEMPTED,hla_risk_class,categorical,component_2,0.09466761189737882,0.09466761189737882
TEMPTED,seroconverted,categorical,component_1,0.0537745631340172,0.0537745631340172
TEMPTED,seroconverted,categorical,component_2,0.3048398109080102,0.3048398109080102
TEMPTED,num_aabs,numeric,component_1,0.007292296980113722,0.007292296980113722
TEMPTED,num_aabs,numeric,component_2,0.06540810720403618,0.06540810720403618
TEMPTED,totalige,numeric,component_1,0.0273201833191582,0.0273201833191582
TEMPTED,totalige,numeric,component_2,0.22840761722058123,0.22840761722058123
TEMPTED,totalige_log,numeric,component_1,0.0273201833191582,0.0273201833191582
TEMPTED,totalige_log,numeric,component_2,0.22840761722058123,0.22840761722058123
TEMPTED,allergy_milk,categorical,component_1,0.1769374523420816,0.1769374523420816
TEMPTED,allergy_milk,categorical,component_2,0.35708785016769085,0.35708785016769085
TEMPTED,allergy_egg,categorical,component_1,0.0666365515252016,0.0666365515252016
TEMPTED,allergy_egg,categorical,component_2,0.13112751248998425,0.13112751248998425
TEMPTED,allergy_peanut,categorical,component_1,0.0740191523895659,0.0740191523895659
TEMPTED,allergy_peanut,categorical,component_2,0.362961939143215,0.362961939143215
TEMPTED,allergy_dustmite,categorical,component_1,0.055395083814506585,0.055395083814506585
TEMPTED,allergy_dustmite,categorical,component_2,0.28451662415233453,0.28451662415233453
TEMPTED,totalige_high,categorical,component_1,0.12499652728928717,0.12499652728928717
TEMPTED,totalige_high,categorical,component_2,0.32879306872326686,0.32879306872326686
TEMPTED,allergy_cat,categorical,component_1,0.3249567194043259,0.3249567194043259
TEMPTED,allergy_cat,categorical,component_2,0.1374683675797762,0.1374683675797762
TEMPTED,allergy_dog,categorical,component_1,0.45161856664488925,0.45161856664488925
TEMPTED,allergy_dog,categorical,component_2,0.42831675691341536,0.42831675691341536
TEMPTED,allergy_birch,categorical,component_1,0.16491869024555988,0.16491869024555988
TEMPTED,allergy_birch,categorical,component_2,0.572279797830356,0.572279797830356
TEMPTED,allergy_timothy,categorical,component_1,0.007286045461339228,0.007286045461339228
TEMPTED,allergy_timothy,categorical,component_2,0.30753740629648896,0.30753740629648896
MEFISTO,age,numeric,factor_1,-0.7744270824255008,0.7744270824255008
MEFISTO,age,numeric,factor_2,-0.6418717035189664,0.6418717035189664
MEFISTO,Unnamed: 0,numeric,factor_1,-0.06138460294161953,0.06138460294161953
MEFISTO,Unnamed: 0,numeric,factor_2,-0.05928015575156329,0.05928015575156329
MEFISTO,age_at_collection,numeric,factor_1,-0.7744270824255008,0.7744270824255008
MEFISTO,age_at_collection,numeric,factor_2,-0.6418717035189664,0.6418717035189664
MEFISTO,collection_month,numeric,factor_1,-0.7752702666422587,0.7752702666422587
MEFISTO,collection_month,numeric,factor_2,-0.6403115071166361,0.6403115071166361
MEFISTO,delivery,categorical,factor_1,0.055420796329539244,0.055420796329539244
MEFISTO,delivery,categorical,factor_2,0.08438024747897782,0.08438024747897782
MEFISTO,gest_time,numeric,factor_1,0.019069356660790505,0.019069356660790505
MEFISTO,gest_time,numeric,factor_2,-0.026622239390106557,0.026622239390106557
MEFISTO,gender,categorical,factor_1,0.03644965264793444,0.03644965264793444
MEFISTO,gender,categorical,factor_2,0.03516702872966475,0.03516702872966475
MEFISTO,country,categorical,factor_1,0.07972117065108983,0.07972117065108983
MEFISTO,country,categorical,factor_2,0.3099946253336597,0.3099946253336597
MEFISTO,Exclusive_breast_feeding,categorical,factor_1,0.3751475388802044,0.3751475388802044
MEFISTO,Exclusive_breast_feeding,categorical,factor_2,0.06211128758060438,0.06211128758060438
MEFISTO,Breast_feeding_end,categorical,factor_1,0.785699011779716,0.785699011779716
MEFISTO,Breast_feeding_end,categorical,factor_2,0.37506763074476146,0.37506763074476146
MEFISTO,Regular_formula,categorical,factor_1,1.0634116512981562,1.0634116512981562
MEFISTO,Regular_formula,categorical,factor_2,0.631943438742016,0.631943438742016
MEFISTO,hydrosylated_formula,categorical,factor_1,0.9830765671161712,0.9830765671161712
MEFISTO,hydrosylated_formula,categorical,factor_2,0.5141831860846733,0.5141831860846733
MEFISTO,partly_hydrosylated_formula,categorical,factor_1,1.137809408976181,1.137809408976181
MEFISTO,partly_hydrosylated_formula,categorical,factor_2,0.2644922180937959,0.2644922180937959
MEFISTO,Any_baby_formula,categorical,factor_1,1.1611245800094911,1.1611245800094911
MEFISTO,Any_baby_formula,categorical,factor_2,0.5586432861248841,0.5586432861248841
MEFISTO,Fruits_and_berries,categorical,factor_1,0.761860263679403,0.761860263679403
MEFISTO,Fruits_and_berries,categorical,factor_2,0.06901557740383615,0.06901557740383615
MEFISTO,Corn,categorical,factor_1,0.5788321239001035,0.5788321239001035
MEFISTO,Corn,categorical,factor_2,0.18820347879579039,0.18820347879579039
MEFISTO,Rice,categorical,factor_1,0.7603326595931515,0.7603326595931515
MEFISTO,Rice,categorical,factor_2,0.19456204764866747,0.19456204764866747
MEFISTO,Wheat,categorical,factor_1,0.7864590073501067,0.7864590073501067
MEFISTO,Wheat,categorical,factor_2,0.24927940976696877,0.24927940976696877
MEFISTO,Oat,categorical,factor_1,0.8358102199392043,0.8358102199392043
MEFISTO,Oat,categorical,factor_2,0.24932177485562945,0.24932177485562945
MEFISTO,Barley,categorical,factor_1,0.7927249999274257,0.7927249999274257
MEFISTO,Barley,categorical,factor_2,0.3967715549413918,0.3967715549413918
MEFISTO,Rye,categorical,factor_1,0.9027218367725582,0.9027218367725582
MEFISTO,Rye,categorical,factor_2,0.439000047473707,0.439000047473707
MEFISTO,Cereal,categorical,factor_1,0.43077424407490933,0.43077424407490933
MEFISTO,Cereal,categorical,factor_2,0.4145344020665286,0.4145344020665286
MEFISTO,Other_grains,categorical,factor_1,0.3932837521993271,0.3932837521993271
MEFISTO,Other_grains,categorical,factor_2,0.1698925142218168,0.1698925142218168
MEFISTO,Root_vegetables,categorical,factor_1,0.7841818107953754,0.7841818107953754
MEFISTO,Root_vegetables,categorical,factor_2,0.06841552524714875,0.06841552524714875
MEFISTO,Vegetables,categorical,factor_1,0.8422368770767164,0.8422368770767164
MEFISTO,Vegetables,categorical,factor_2,0.1704839934555447,0.1704839934555447
MEFISTO,Eggs,categorical,factor_1,0.8772629220338289,0.8772629220338289
MEFISTO,Eggs,categorical,factor_2,0.4405583364322302,0.4405583364322302
MEFISTO,Soy,categorical,factor_1,0.5654521955977097,0.5654521955977097
MEFISTO,Soy,categorical,factor_2,0.4523464297267953,0.4523464297267953
MEFISTO,Milk,categorical,factor_1,0.9137093859053598,0.9137093859053598
MEFISTO,Milk,categorical,factor_2,0.46486252983663356,0.46486252983663356
MEFISTO,Meat,categorical,factor_1,0.8104565648192199,0.8104565648192199
MEFISTO,Meat,categorical,factor_2,0.21393515936441768,0.21393515936441768
MEFISTO,Fish,categorical,factor_1,0.8355009560707556,0.8355009560707556
MEFISTO,Fish,categorical,factor_2,0.4349067316037809,0.4349067316037809
MEFISTO,Other_food,categorical,factor_1,0.4627662849900922,0.4627662849900922
MEFISTO,Other_food,categorical,factor_2,0.27601422424412736,0.27601422424412736
MEFISTO,Other_than_BF,categorical,factor_1,0.7536017264309082,0.7536017264309082
MEFISTO,Other_than_BF,categorical,factor_2,0.047532092672078086,0.047532092672078086
MEFISTO,bf_length,numeric,factor_1,0.014018145006148995,0.014018145006148995
MEFISTO,bf_length,numeric,factor_2,-0.07730128149875523,0.07730128149875523
MEFISTO,num_abx_treatments,numeric,factor_1,-0.01045389403178263,0.01045389403178263
MEFISTO,num_abx_treatments,numeric,factor_2,-0.09357994997455739,0.09357994997455739
MEFISTO,num_abx_first_year,numeric,factor_1,-0.02417136538250977,0.02417136538250977
MEFISTO,num_abx_first_year,numeric,factor_2,-0.03885362457313978,0.03885362457313978
MEFISTO,abx_first_year,categorical,factor_1,0.013626436156161853,0.013626436156161853
MEFISTO,abx_first_year,categorical,factor_2,0.07795904325494821,0.07795904325494821
MEFISTO,after_abx,categorical,factor_1,0.12561212301527946,0.12561212301527946
MEFISTO,after_abx,categorical,factor_2,0.21343127425811237,0.21343127425811237
MEFISTO,num_preceeding_abx,numeric,factor_1,-0.3203479219137243,0.3203479219137243
MEFISTO,num_preceeding_abx,numeric,factor_2,-0.273893665965758,0.273893665965758
MEFISTO,hla_risk_class,categorical,factor_1,0.06490933564781659,0.06490933564781659
MEFISTO,hla_risk_class,categorical,factor_2,0.6223593611686741,0.6223593611686741
MEFISTO,seroconverted,categorical,factor_1,0.22081118087986293,0.22081118087986293
MEFISTO,seroconverted,categorical,factor_2,0.015456589574616233,0.015456589574616233
MEFISTO,num_aabs,numeric,factor_1,0.008502290928248453,0.008502290928248453
MEFISTO,num_aabs,numeric,factor_2,-0.049152292473612996,0.049152292473612996
MEFISTO,totalige,numeric,factor_1,-0.014923853383530894,0.014923853383530894
MEFISTO,totalige,numeric,factor_2,-0.09744843174419573,0.09744843174419573
MEFISTO,totalige_log,numeric,factor_1,-0.014923853383530894,0.014923853383530894
MEFISTO,totalige_log,numeric,factor_2,-0.09744843174419573,0.09744843174419573
MEFISTO,allergy_milk,categorical,factor_1,0.001971939309550031,0.001971939309550031
MEFISTO,allergy_milk,categorical,factor_2,0.1969980982281173,0.1969980982281173
MEFISTO,allergy_egg,categorical,factor_1,0.06356903074259584,0.06356903074259584
MEFISTO,allergy_egg,categorical,factor_2,0.05429753082243368,0.05429753082243368
MEFISTO,allergy_peanut,categorical,factor_1,0.09003961361624185,0.09003961361624185
MEFISTO,allergy_peanut,categorical,factor_2,0.21617508721447973,0.21617508721447973
MEFISTO,allergy_dustmite,categorical,factor_1,0.24836421209912715,0.24836421209912715
MEFISTO,allergy_dustmite,categorical,factor_2,0.39987022331152805,0.39987022331152805
MEFISTO,totalige_high,categorical,factor_1,0.1181872926135599,0.1181872926135599
MEFISTO,totalige_high,categorical,factor_2,0.012876759427297971,0.012876759427297971
MEFISTO,allergy_cat,categorical,factor_1,0.10832898983078623,0.10832898983078623
MEFISTO,allergy_cat,categorical,factor_2,0.3914606751363184,0.3914606751363184
MEFISTO,allergy_dog,categorical,factor_1,0.04053132935377995,0.04053132935377995
MEFISTO,allergy_dog,categorical,factor_2,0.31328331252819375,0.31328331252819375
MEFISTO,allergy_birch,categorical,factor_1,0.024809322080973056,0.024809322080973056
MEFISTO,allergy_birch,categorical,factor_2,0.06763716661709188,0.06763716661709188
MEFISTO,allergy_timothy,categorical,factor_1,0.1140166189018563,0.1140166189018563
MEFISTO,allergy_timothy,categorical,factor_2,0.28685350416249444,0.28685350416249444
MEFISTO,mgx_reads,numeric,factor_1,-0.05406963423681441,0.05406963423681441
MEFISTO,mgx_reads,numeric,factor_2,-0.0784146390602064,0.0784146390602064
MEFISTO,mgx_reads_filtered,numeric,factor_1,-0.06534521273072395,0.06534521273072395
MEFISTO,mgx_reads_filtered,numeric,factor_2,-0.0828298832853067,0.0828298832853067
MEFISTO,read_count_16S,numeric,factor_1,-0.28052655115779745,0.28052655115779745
MEFISTO,read_count_16S,numeric,factor_2,-0.011193396090749683,0.011193396090749683
