method,feature_id,kingdom,phylum,class,order,family,genus,factor_1,factor_2,factor_3,factor_4,factor_5
MEFISTO,k__Bacteria|p__Actinobacteria|c__Actinobacteria|o__Bifidobacteriales|f__Bifidobacteriaceae|g__Bifidobacterium,k__Bacteria,p__Actinobacteria,c__Actinobacteria,o__Bifidobacteriales,f__Bifidobacteriaceae,g__Bifidobacterium,1.4261621575408243,-0.33023824408289804,-1.8716035065115229,-0.3269186399659961,-0.5370021919172203
MEFISTO,k__Bacteria|p__Bacteroidetes|c__Bacteroidia|o__Bacteroidales|f__Bacteroidaceae|g__Bacteroides,k__Bacteria,p__Bacteroidetes,c__Bacteroidia,o__Bacteroidales,f__Bacteroidaceae,g__Bacteroides,-1.0077027121952005,1.2280530030009598,-0.939068849463679,0.06143527074454605,0.4057741337247577
MEFISTO,k__Bacteria|p__Bacteroidetes|c__Bacteroidia|o__Bacteroidales|f__Bacteroidaceae|g__Unknown_003,k__Bacteria,p__Bacteroidetes,c__Bacteroidia,o__Bacteroidales,f__Bacteroidaceae,g__Unknown_003,-0.5937633005598884,1.0709606368998728,1.035448732455614,-0.05819850384731725,0.41888692976599323
MEFISTO,k__Bacteria|p__Bacteroidetes|c__Bacteroidia|o__Bacteroidales|f__Porphyromonadaceae|g__Parabacteroides,k__Bacteria,p__Bacteroidetes,c__Bacteroidia,o__Bacteroidales,f__Porphyromonadaceae,g__Parabacteroides,-0.8377177301649422,0.6082334135398425,0.25328658889937294,-0.01154338187081995,1.4357879537531346
MEFISTO,k__Bacteria|p__Bacteroidetes|c__Bacteroidia|o__Bacteroidales|f__Prevotellaceae|g__Prevotella,k__Bacteria,p__Bacteroidetes,c__Bacteroidia,o__Bacteroidales,f__Prevotellaceae,g__Prevotella,0.8599392576758678,-0.1194892064856804,1.0213351599985088,-0.146981293559365,0.0026077790024967504
MEFISTO,k__Bacteria|p__Bacteroidetes|c__Bacteroidia|o__Bacteroidales|f__Rikenellaceae|g__Unknown_004,k__Bacteria,p__Bacteroidetes,c__Bacteroidia,o__Bacteroidales,f__Rikenellaceae,g__Unknown_004,-1.1480571505870953,-0.5173219382366621,0.25040088868002564,0.3503082858463258,1.2603017923163928
MEFISTO,k__Bacteria|p__Bacteroidetes|c__Bacteroidia|o__Bacteroidales|f__[Barnesiellaceae]|g__Unknown_006,k__Bacteria,p__Bacteroidetes,c__Bacteroidia,o__Bacteroidales,f__[Barnesiellaceae],g__Unknown_006,-1.0460733223659555,-0.8508223814004291,1.3401788964532426,0.3258217917195231,1.5282772691556983
MEFISTO,k__Bacteria|p__Firmicutes|c__Bacilli|o__Lactobacillales|f__Carnobacteriaceae|g__Granulicatella,k__Bacteria,p__Firmicutes,c__Bacilli,o__Lactobacillales,f__Carnobacteriaceae,g__Granulicatella,2.092153256159593,-0.5737473086046436,0.00032092657408355,-0.3676156152258765,-0.4898346183127765
MEFISTO,k__Bacteria|p__Firmicutes|c__Bacilli|o__Lactobacillales|f__Lactobacillaceae|g__Lactobacillus,k__Bacteria,p__Firmicutes,c__Bacilli,o__Lactobacillales,f__Lactobacillaceae,g__Lactobacillus,2.2898138262039365,-0.34821823131054114,0.0001970702691599,-0.5903198240736656,-0.19196434251611239
MEFISTO,k__Bacteria|p__Firmicutes|c__Bacilli|o__Lactobacillales|f__Streptococcaceae|g__Streptococcus,k__Bacteria,p__Firmicutes,c__Bacilli,o__Lactobacillales,f__Streptococcaceae,g__Streptococcus,1.151223704339046,-0.0027251388930957,-0.18716283471584524,-0.3479359554122202,-0.6536847633095946
MEFISTO,k__Bacteria|p__Firmicutes|c__Clostridia|o__Clostridiales|f__Clostridiaceae|g__Clostridium,k__Bacteria,p__Firmicutes,c__Clostridia,o__Clostridiales,f__Clostridiaceae,g__Clostridium,0.9581455969785108,0.812960981043584,0.8787743184976192,-0.1838253150277339,-0.6224838378404685
MEFISTO,k__Bacteria|p__Firmicutes|c__Clostridia|o__Clostridiales|f__Lachnospiraceae|g__Blautia,k__Bacteria,p__Firmicutes,c__Clostridia,o__Clostridiales,f__Lachnospiraceae,g__Blautia,-0.8592717159658647,0.3786962384675192,-0.36180846285465573,-0.0005049958103158,-1.028361178504389
MEFISTO,k__Bacteria|p__Firmicutes|c__Clostridia|o__Clostridiales|f__Lachnospiraceae|g__Coprococcus,k__Bacteria,p__Firmicutes,c__Clostridia,o__Clostridiales,f__Lachnospiraceae,g__Coprococcus,-0.6663088409803615,-0.5327819604304164,0.39700463855166,-5.653890663908631e-05,-0.8486652228797461
MEFISTO,k__Bacteria|p__Firmicutes|c__Clostridia|o__Clostridiales|f__Lachnospiraceae|g__Lachnospira,k__Bacteria,p__Firmicutes,c__Clostridia,o__Clostridiales,f__Lachnospiraceae,g__Lachnospira,-1.1610451678231932,0.8180627687174815,1.1005711137933893,0.00112571658007785,0.0041965633055036
MEFISTO,k__Bacteria|p__Firmicutes|c__Clostridia|o__Clostridiales|f__Lachnospiraceae|g__Roseburia,k__Bacteria,p__Firmicutes,c__Clostridia,o__Clostridiales,f__Lachnospiraceae,g__Roseburia,-1.0275442178294651,-0.8205930379924858,0.3427319812834864,0.31512862223471305,0.0015087572744078
MEFISTO,k__Bacteria|p__Firmicutes|c__Clostridia|o__Clostridiales|f__Lachnospiraceae|g__Unknown_020,k__Bacteria,p__Firmicutes,c__Clostridia,o__Clostridiales,f__Lachnospiraceae,g__Unknown_020,-1.2493394211110882,0.2926401331333421,-3.136975995373067e-05,0.0005301177812884001,-0.667620758362674
MEFISTO,k__Bacteria|p__Firmicutes|c__Clostridia|o__Clostridiales|f__Lachnospiraceae|g__[Ruminococcus],k__Bacteria,p__Firmicutes,c__Clostridia,o__Clostridiales,f__Lachnospiraceae,g__[Ruminococcus],-0.1691067930113766,0.00040596176138015,5.354167807692447e-05,-0.0001858100032602,-1.0968716588063054
MEFISTO,k__Bacteria|p__Firmicutes|c__Clostridia|o__Clostridiales|f__Ruminococcaceae|g__Faecalibacterium,k__Bacteria,p__Firmicutes,c__Clostridia,o__Clostridiales,f__Ruminococcaceae,g__Faecalibacterium,-1.4331436276507987,-0.4290942973787073,0.12155113154730746,0.11572336258641859,0.18005604821492024
MEFISTO,k__Bacteria|p__Firmicutes|c__Clostridia|o__Clostridiales|f__Ruminococcaceae|g__Oscillospira,k__Bacteria,p__Firmicutes,c__Clostridia,o__Clostridiales,f__Ruminococcaceae,g__Oscillospira,-0.7795297594636024,0.00256010504359825,0.3494361255050342,0.18883539846934078,0.03589513133728845
MEFISTO,k__Bacteria|p__Firmicutes|c__Clostridia|o__Clostridiales|f__Ruminococcaceae|g__Ruminococcus,k__Bacteria,p__Firmicutes,c__Clostridia,o__Clostridiales,f__Ruminococcaceae,g__Ruminococcus,-1.0078397207357184,-1.0015782256551182,-0.00010095949156998852,0.1130071526965786,0.0006176773713510999
MEFISTO,k__Bacteria|p__Firmicutes|c__Clostridia|o__Clostridiales|f__Ruminococcaceae|g__Unknown_023,k__Bacteria,p__Firmicutes,c__Clostridia,o__Clostridiales,f__Ruminococcaceae,g__Unknown_023,-0.8842787776559908,-1.0843676533056246,-0.2622475558645001,0.12597875657149946,-0.16482387943582788
MEFISTO,k__Bacteria|p__Firmicutes|c__Clostridia|o__Clostridiales|f__Veillonellaceae|g__Unknown_024,k__Bacteria,p__Firmicutes,c__Clostridia,o__Clostridiales,f__Veillonellaceae,g__Unknown_024,-0.47240872419092084,-0.5795372072266236,0.0006109521270637999,0.3496300788121063,0.8233281311976972
MEFISTO,k__Bacteria|p__Firmicutes|c__Clostridia|o__Clostridiales|f__Veillonellaceae|g__Veillonella,k__Bacteria,p__Firmicutes,c__Clostridia,o__Clostridiales,f__Veillonellaceae,g__Veillonella,0.8007915317655419,1.5835287284961996,0.7774487377484844,0.0120681467617105,-0.3729895277659811
MEFISTO,k__Bacteria|p__Firmicutes|c__Clostridia|o__Clostridiales|f__|g__Unknown_025,k__Bacteria,p__Firmicutes,c__Clostridia,o__Clostridiales,f__,g__Unknown_025,-0.39608265609285676,-0.1463203297595846,0.24658454321107834,0.0003013400836517,-0.5873347819301648
MEFISTO,k__Bacteria|p__Firmicutes|c__Clostridia|o__Coriobacteriales|f__Coriobacteriaceae|g__Collinsella,k__Bacteria,p__Firmicutes,c__Clostridia,o__Coriobacteriales,f__Coriobacteriaceae,g__Collinsella,0.6757283739982731,-0.3874029079070097,0.0011387066544844,-0.9522222713271501,0.7971422551271028
MEFISTO,k__Bacteria|p__Firmicutes|c__Clostridia|o__Coriobacteriales|f__Coriobacteriaceae|g__Eggerthella,k__Bacteria,p__Firmicutes,c__Clostridia,o__Coriobacteriales,f__Coriobacteriaceae,g__Eggerthella,1.6914561952579938,-0.9640510242855584,-0.055437180005845,-0.2362875959005329,-0.9166841992255024
MEFISTO,k__Bacteria|p__Firmicutes|c__Clostridia|o__Coriobacteriales|f__|g__Unknown_027,k__Bacteria,p__Firmicutes,c__Clostridia,o__Coriobacteriales,f__,g__Unknown_027,-1.0024252402741867,-0.4426988867198064,0.44471965134273483,0.1466987393731624,-0.4050397746694129
MEFISTO,k__Bacteria|p__Firmicutes|c__Clostridia|o__|f__|g__Unknown_029,k__Bacteria,p__Firmicutes,c__Clostridia,o__,f__,g__Unknown_029,-0.7822726321483223,-0.21918857218270876,0.2489070666634527,0.0002335047716924,-0.8175530922188385
MEFISTO,k__Bacteria|p__Firmicutes|c__Erysipelotrichi|o__Erysipelotrichales|f__[Coprobacillaceae]|g__Unknown_031,k__Bacteria,p__Firmicutes,c__Erysipelotrichi,o__Erysipelotrichales,f__[Coprobacillaceae],g__Unknown_031,-0.00225048135867525,-0.2002856851924663,0.00027926876187935,-0.24712027458690072,-1.1865583602923662
MEFISTO,k__Bacteria|p__Proteobacteria|c__Betaproteobacteria|o__Burkholderiales|f__Alcaligenaceae|g__Sutterella,k__Bacteria,p__Proteobacteria,c__Betaproteobacteria,o__Burkholderiales,f__Alcaligenaceae,g__Sutterella,-1.278035762047383,1.5456891302291988,1.0598901771896503,-0.0013708609954786498,0.8658378858034144
MEFISTO,k__Bacteria|p__Proteobacteria|c__Gammaproteobacteria|o__Enterobacteriales|f__Enterobacteriaceae|g__Enterobacter,k__Bacteria,p__Proteobacteria,c__Gammaproteobacteria,o__Enterobacteriales,f__Enterobacteriaceae,g__Enterobacter,1.7832837794754024,0.2006801895256695,0.5434248828155881,0.22506472317604254,-0.2450440460612428
MEFISTO,k__Bacteria|p__Proteobacteria|c__Gammaproteobacteria|o__Enterobacteriales|f__Enterobacteriaceae|g__Escherichia,k__Bacteria,p__Proteobacteria,c__Gammaproteobacteria,o__Enterobacteriales,f__Enterobacteriaceae,g__Escherichia,1.904072888771645,0.31763069367327845,5.837340557409852e-05,1.103522088853837,-0.1766492769899441
MEFISTO,k__Bacteria|p__Proteobacteria|c__Gammaproteobacteria|o__Enterobacteriales|f__Enterobacteriaceae|g__Unknown_042,k__Bacteria,p__Proteobacteria,c__Gammaproteobacteria,o__Enterobacteriales,f__Enterobacteriaceae,g__Unknown_042,1.7680206949211625,0.16815497042498911,-0.5590078109533313,1.0514875832477237,-0.36714272834876327
MEFISTO,k__Bacteria|p__Proteobacteria|c__Gammaproteobacteria|o__Pasteurellales|f__Pasteurellaceae|g__Haemophilus,k__Bacteria,p__Proteobacteria,c__Gammaproteobacteria,o__Pasteurellales,f__Pasteurellaceae,g__Haemophilus,-0.1613556775014452,1.5356637625534608,0.9539409726005244,-0.004889020846698049,0.00011284353864490001
MEFISTO,k__Bacteria|p__Verrucomicrobia|c__Verrucomicrobiae|o__Verrucomicrobiales|f__Verrucomicrobiaceae|g__Akkermansia,k__Bacteria,p__Verrucomicrobia,c__Verrucomicrobiae,o__Verrucomicrobiales,f__Verrucomicrobiaceae,g__Akkermansia,-0.37332065409886583,-1.061755617425023,0.0003377525384489827,0.001406259787139,1.2887633769582947
TEMPTED,k__Bacteria|p__Actinobacteria|c__Actinobacteria|o__Bifidobacteriales|f__Bifidobacteriaceae|g__Bifidobacterium,k__Bacteria,p__Actinobacteria,c__Actinobacteria,o__Bifidobacteriales,f__Bifidobacteriaceae,g__Bifidobacterium,0.2492148135193395,-0.14830199822810902,-0.28412160480769,0.08238285837137325,-0.03392030305141155
TEMPTED,k__Bacteria|p__Bacteroidetes|c__Bacteroidia|o__Bacteroidales|f__Bacteroidaceae|g__Bacteroides,k__Bacteria,p__Bacteroidetes,c__Bacteroidia,o__Bacteroidales,f__Bacteroidaceae,g__Bacteroides,-0.027084452325467648,0.43261568006095297,-0.2578989912767295,0.16356658481551,0.236601802223937
TEMPTED,k__Bacteria|p__Bacteroidetes|c__Bacteroidia|o__Bacteroidales|f__Bacteroidaceae|g__Unknown_003,k__Bacteria,p__Bacteroidetes,c__Bacteroidia,o__Bacteroidales,f__Bacteroidaceae,g__Unknown_003,-0.0128087012915427,0.319504176668509,-0.16472776806546852,0.204371650536712,0.145022187726536
TEMPTED,k__Bacteria|p__Bacteroidetes|c__Bacteroidia|o__Bacteroidales|f__Porphyromonadaceae|g__Parabacteroides,k__Bacteria,p__Bacteroidetes,c__Bacteroidia,o__Bacteroidales,f__Porphyromonadaceae,g__Parabacteroides,-0.035132546665578954,0.459805063849678,-0.1931930754337675,0.0022237351678260496,0.2355513742488765
TEMPTED,k__Bacteria|p__Bacteroidetes|c__Bacteroidia|o__Bacteroidales|f__Prevotellaceae|g__Prevotella,k__Bacteria,p__Bacteroidetes,c__Bacteroidia,o__Bacteroidales,f__Prevotellaceae,g__Prevotella,0.009942433508122149,0.0086802472547046,0.07912829193350715,0.013504259483249001,0.2894548015040575
TEMPTED,k__Bacteria|p__Bacteroidetes|c__Bacteroidia|o__Bacteroidales|f__Rikenellaceae|g__Unknown_004,k__Bacteria,p__Bacteroidetes,c__Bacteroidia,o__Bacteroidales,f__Rikenellaceae,g__Unknown_004,-0.172446432891186,0.08736639813709546,-0.1586426971309295,-0.137184899679679,0.369974439822215
TEMPTED,k__Bacteria|p__Bacteroidetes|c__Bacteroidia|o__Bacteroidales|f__[Barnesiellaceae]|g__Unknown_006,k__Bacteria,p__Bacteroidetes,c__Bacteroidia,o__Bacteroidales,f__[Barnesiellaceae],g__Unknown_006,-0.026766240350555248,0.08290018782958164,-0.08251191768088015,0.06605332927648484,0.311021305548292
TEMPTED,k__Bacteria|p__Firmicutes|c__Bacilli|o__Lactobacillales|f__Carnobacteriaceae|g__Granulicatella,k__Bacteria,p__Firmicutes,c__Bacilli,o__Lactobacillales,f__Carnobacteriaceae,g__Granulicatella,0.28732639426096696,-0.354360378381705,-0.2377685457161515,0.24157791383482252,-0.166315674388644
TEMPTED,k__Bacteria|p__Firmicutes|c__Bacilli|o__Lactobacillales|f__Lactobacillaceae|g__Lactobacillus,k__Bacteria,p__Firmicutes,c__Bacilli,o__Lactobacillales,f__Lactobacillaceae,g__Lactobacillus,0.33494056967785446,-0.23689488135061848,-0.16509482106517048,0.222094291367799,-0.009450030691596549
TEMPTED,k__Bacteria|p__Firmicutes|c__Bacilli|o__Lactobacillales|f__Streptococcaceae|g__Streptococcus,k__Bacteria,p__Firmicutes,c__Bacilli,o__Lactobacillales,f__Streptococcaceae,g__Streptococcus,0.20925599393115651,-0.126315866461922,-0.0264786627487417,0.11518594985063149,0.012120305687169701
TEMPTED,k__Bacteria|p__Firmicutes|c__Clostridia|o__Clostridiales|f__Clostridiaceae|g__Clostridium,k__Bacteria,p__Firmicutes,c__Clostridia,o__Clostridiales,f__Clostridiaceae,g__Clostridium,0.208297408089761,-0.0160564133980639,0.448291780979301,0.0922963742857842,-0.133851878502654
TEMPTED,k__Bacteria|p__Firmicutes|c__Clostridia|o__Clostridiales|f__Lachnospiraceae|g__Blautia,k__Bacteria,p__Firmicutes,c__Clostridia,o__Clostridiales,f__Lachnospiraceae,g__Blautia,-0.08906228738231994,-0.05827848840512185,0.03415123997669455,-0.06379694407992685,-0.24872175553703
TEMPTED,k__Bacteria|p__Firmicutes|c__Clostridia|o__Clostridiales|f__Lachnospiraceae|g__Coprococcus,k__Bacteria,p__Firmicutes,c__Clostridia,o__Clostridiales,f__Lachnospiraceae,g__Coprococcus,-0.1114503623530695,-0.0753848277751155,0.005930120931643501,-0.13120241491463752,-0.16232752556921098
TEMPTED,k__Bacteria|p__Firmicutes|c__Clostridia|o__Clostridiales|f__Lachnospiraceae|g__Lachnospira,k__Bacteria,p__Firmicutes,c__Clostridia,o__Clostridiales,f__Lachnospiraceae,g__Lachnospira,-0.1134000537953895,0.0191476719512843,0.21695734156386048,-0.1908508421980495,-0.1161714711036625
TEMPTED,k__Bacteria|p__Firmicutes|c__Clostridia|o__Clostridiales|f__Lachnospiraceae|g__Roseburia,k__Bacteria,p__Firmicutes,c__Clostridia,o__Clostridiales,f__Lachnospiraceae,g__Roseburia,-0.1579741008177955,-0.08032029225833495,0.0748312240592123,-0.240959249762633,-0.0084543431485841
TEMPTED,k__Bacteria|p__Firmicutes|c__Clostridia|o__Clostridiales|f__Lachnospiraceae|g__Unknown_020,k__Bacteria,p__Firmicutes,c__Clostridia,o__Clostridiales,f__Lachnospiraceae,g__Unknown_020,-0.149679938887067,-0.034709097431907504,0.07145286839192311,-0.09254341688184665,-0.18665782860444902
TEMPTED,k__Bacteria|p__Firmicutes|c__Clostridia|o__Clostridiales|f__Lachnospiraceae|g__[Ruminococcus],k__Bacteria,p__Firmicutes,c__Clostridia,o__Clostridiales,f__Lachnospiraceae,g__[Ruminococcus],-0.039008989863516405,-0.0861800030763611,0.04860049629062145,-0.0211146157714465,-0.2503123930384145
TEMPTED,k__Bacteria|p__Firmicutes|c__Clostridia|o__Clostridiales|f__Ruminococcaceae|g__Faecalibacterium,k__Bacteria,p__Firmicutes,c__Clostridia,o__Clostridiales,f__Ruminococcaceae,g__Faecalibacterium,-0.2195477278882485,-0.0009145407410267501,-0.08760079894468635,-0.32006929879259,0.0251768162276182
TEMPTED,k__Bacteria|p__Firmicutes|c__Clostridia|o__Clostridiales|f__Ruminococcaceae|g__Oscillospira,k__Bacteria,p__Firmicutes,c__Clostridia,o__Clostridiales,f__Ruminococcaceae,g__Oscillospira,-0.1183601476145345,-0.0042361276223175,0.0774981362658231,0.0110940875611577,-0.062680157873907
TEMPTED,k__Bacteria|p__Firmicutes|c__Clostridia|o__Clostridiales|f__Ruminococcaceae|g__Ruminococcus,k__Bacteria,p__Firmicutes,c__Clostridia,o__Clostridiales,f__Ruminococcaceae,g__Ruminococcus,-0.196097841601026,-0.09389254736780506,-0.11316776829787051,-0.189531972012769,-0.04362912705994565
TEMPTED,k__Bacteria|p__Firmicutes|c__Clostridia|o__Clostridiales|f__Ruminococcaceae|g__Unknown_023,k__Bacteria,p__Firmicutes,c__Clostridia,o__Clostridiales,f__Ruminococcaceae,g__Unknown_023,-0.200153079010777,-0.11668517738221751,-0.140484321632318,-0.227935582286172,-0.03970581325765115
TEMPTED,k__Bacteria|p__Firmicutes|c__Clostridia|o__Clostridiales|f__Veillonellaceae|g__Unknown_024,k__Bacteria,p__Firmicutes,c__Clostridia,o__Clostridiales,f__Veillonellaceae,g__Unknown_024,-0.06904129872594239,0.02502184236482045,-0.01254468465241965,0.0820425600650237,0.24710779162145202
TEMPTED,k__Bacteria|p__Firmicutes|c__Clostridia|o__Clostridiales|f__Veillonellaceae|g__Veillonella,k__Bacteria,p__Firmicutes,c__Clostridia,o__Clostridiales,f__Veillonellaceae,g__Veillonella,0.2722614128163755,0.0876308455676229,0.4434664069503925,0.2225591437718145,0.0192495021720287
TEMPTED,k__Bacteria|p__Firmicutes|c__Clostridia|o__Clostridiales|f__|g__Unknown_025,k__Bacteria,p__Firmicutes,c__Clostridia,o__Clostridiales,f__,g__Unknown_025,-0.06763080475401675,-0.06718364148936555,0.12091472157147701,-0.0661379345919842,-0.147618943069424
TEMPTED,k__Bacteria|p__Firmicutes|c__Clostridia|o__Coriobacteriales|f__Coriobacteriaceae|g__Collinsella,k__Bacteria,p__Firmicutes,c__Clostridia,o__Coriobacteriales,f__Coriobacteriaceae,g__Collinsella,0.112474000064246,0.0839464053190994,-0.207274468422193,-0.17778084623926899,-0.0025418475131616
TEMPTED,k__Bacteria|p__Firmicutes|c__Clostridia|o__Coriobacteriales|f__Coriobacteriaceae|g__Eggerthella,k__Bacteria,p__Firmicutes,c__Clostridia,o__Coriobacteriales,f__Coriobacteriaceae,g__Eggerthella,0.108784972599417,-0.292217233734715,-0.116011959449443,0.230080879610113,-0.175713391363261
TEMPTED,k__Bacteria|p__Firmicutes|c__Clostridia|o__Coriobacteriales|f__|g__Unknown_027,k__Bacteria,p__Firmicutes,c__Clostridia,o__Coriobacteriales,f__,g__Unknown_027,-0.16274177855092947,-0.08203849412246139,0.06094251791094385,-0.18392493949267652,-0.07639499552730845
TEMPTED,k__Bacteria|p__Firmicutes|c__Clostridia|o__|f__|g__Unknown_029,k__Bacteria,p__Firmicutes,c__Clostridia,o__,f__,g__Unknown_029,-0.1344012640005395,-0.09457959057039435,0.0869921138556167,-0.111232486104151,-0.176336071138273
TEMPTED,k__Bacteria|p__Firmicutes|c__Erysipelotrichi|o__Erysipelotrichales|f__[Coprobacillaceae]|g__Unknown_031,k__Bacteria,p__Firmicutes,c__Erysipelotrichi,o__Erysipelotrichales,f__[Coprobacillaceae],g__Unknown_031,-0.069574989452127,-0.132085422605738,0.0099678425083174,-0.021907206574806902,-0.282734304224117
TEMPTED,k__Bacteria|p__Proteobacteria|c__Betaproteobacteria|o__Burkholderiales|f__Alcaligenaceae|g__Sutterella,k__Bacteria,p__Proteobacteria,c__Betaproteobacteria,o__Burkholderiales,f__Alcaligenaceae,g__Sutterella,-0.1034126684494165,0.3253046328114745,0.134555834418644,-0.0248979341251605,0.12818554867229398
TEMPTED,k__Bacteria|p__Proteobacteria|c__Gammaproteobacteria|o__Enterobacteriales|f__Enterobacteriaceae|g__Enterobacter,k__Bacteria,p__Proteobacteria,c__Gammaproteobacteria,o__Enterobacteriales,f__Enterobacteriaceae,g__Enterobacter,0.3128870009057455,-0.09552379191923754,0.11465757017098355,0.217630863818569,-0.010123331245656599
TEMPTED,k__Bacteria|p__Proteobacteria|c__Gammaproteobacteria|o__Enterobacteriales|f__Enterobacteriaceae|g__Escherichia,k__Bacteria,p__Proteobacteria,c__Gammaproteobacteria,o__Enterobacteriales,f__Enterobacteriaceae,g__Escherichia,0.352383158272628,-0.0631449573554097,0.164787563893397,0.323981607595922,0.03477465894126795
TEMPTED,k__Bacteria|p__Proteobacteria|c__Gammaproteobacteria|o__Enterobacteriales|f__Enterobacteriaceae|g__Unknown_042,k__Bacteria,p__Proteobacteria,c__Gammaproteobacteria,o__Enterobacteriales,f__Enterobacteriaceae,g__Unknown_042,0.37745692359004246,-0.1052631958895805,0.09725728693303165,0.3083650680911475,0.06934974814105685
TEMPTED,k__Bacteria|p__Proteobacteria|c__Gammaproteobacteria|o__Pasteurellales|f__Pasteurellaceae|g__Haemophilus,k__Bacteria,p__Proteobacteria,c__Gammaproteobacteria,o__Pasteurellales,f__Pasteurellaceae,g__Haemophilus,0.09393359353926745,0.1312335662596385,0.355940434187486,0.105890791113112,-0.054758582013396895
TEMPTED,k__Bacteria|p__Verrucomicrobia|c__Verrucomicrobiae|o__Verrucomicrobiales|f__Verrucomicrobiaceae|g__Akkermansia,k__Bacteria,p__Verrucomicrobia,c__Verrucomicrobiae,o__Verrucomicrobiales,f__Verrucomicrobiaceae,g__Akkermansia,-0.0885947844740146,0.0087565719971313,-0.1493027899809835,0.1147452405796135,0.152103728801985
