method,factor,label,time_bin,time,median,lower,upper,n
TEMPTED,factor_1,FIN/EST,0,62.5,8.69228202211388,6.419762365131575,10.418550025395756,142
TEMPTED,factor_1,FIN/EST,1,165.0,7.7177648571128765,5.320178442328296,10.210093236955869,97
TEMPTED,factor_1,FIN/EST,2,293.5,2.4041123373350826,-1.4367671151912704,5.614513470382358,82
TEMPTED,factor_1,FIN/EST,3,386.0,-1.1703093111244334,-3.372408354557364,2.1937193831975144,88
TEMPTED,factor_1,FIN/EST,4,482.0,-4.133103859462304,-5.785175634578429,-0.6449658596565803,113
TEMPTED,factor_1,FIN/EST,5,576.5,-6.054951041510678,-7.412758464462843,-3.849816732899213,116
TEMPTED,factor_1,FIN/EST,6,669.0,-6.275617605957023,-8.944691911176719,-3.723680985288757,107
TEMPTED,factor_1,FIN/EST,7,712.0,-5.470554413524369,-8.870101427435413,-1.9169499069141216,13
TEMPTED,factor_1,FIN/EST,8,854.0,-7.8638766324862015,-9.812237097694533,-5.03971174444246,71
TEMPTED,factor_1,FIN/EST,9,887.0,-5.667885890900152,-6.266626401403866,-4.347864716163226,8
TEMPTED,factor_1,FIN/EST,10,1059.0,-7.57487150103222,-9.16408795128558,-6.103482394819619,8
TEMPTED,factor_1,FIN/EST,11,1098.5,-8.98615778986455,-10.136795637743774,-6.978753961978848,62
TEMPTED,factor_1,RUS,0,102.0,7.703960885002193,6.415493673015614,12.171759430992353,6
TEMPTED,factor_1,RUS,1,185.0,9.375935700133702,6.110366664599413,11.866452413870338,75
TEMPTED,factor_1,RUS,2,264.0,5.317530568099987,0.9250598456169106,8.917440958177863,115
TEMPTED,factor_1,RUS,3,365.0,0.5504318322226828,-2.429230567996001,4.917825254380184,125
TEMPTED,factor_1,RUS,4,449.0,-2.017993838471494,-4.528811851031121,1.2083988620766444,101
TEMPTED,factor_1,RUS,5,549.0,-4.52932049988923,-7.121563329156074,-2.118791775091966,81
TEMPTED,factor_1,RUS,6,638.0,-5.253223026617145,-7.152235717070275,-3.4135166772585124,56
TEMPTED,factor_1,RUS,7,725.0,-7.154249395475441,-8.234635236022548,-4.035003609920675,47
TEMPTED,factor_1,RUS,8,829.5,-8.192333412819256,-9.222736202767615,-6.3323328726254084,24
TEMPTED,factor_1,RUS,9,919.0,-7.348004380720935,-9.111263327943387,-4.893011085039736,12
TEMPTED,factor_1,RUS,10,1011.5,-7.156840790801169,-7.829926389580269,-4.765159123443024,12
TEMPTED,factor_1,RUS,11,1101.0,-6.334443222387052,-6.493745545026567,-5.280860333957042,3
TEMPTED,factor_2,FIN/EST,0,62.5,1.4837427183146827,-2.008179500484223,4.016381455425735,142
TEMPTED,factor_2,FIN/EST,1,165.0,0.903459258663248,-2.0574773435919305,3.3059597635274214,97
TEMPTED,factor_2,FIN/EST,2,293.5,0.7056768242418248,-2.819246610106095,3.1561944174436345,82
TEMPTED,factor_2,FIN/EST,3,386.0,0.29978616866983265,-2.0086037974531963,3.571626426726479,88
TEMPTED,factor_2,FIN/EST,4,482.0,0.9148514012161144,-1.3747957112753608,3.833224675608865,113
TEMPTED,factor_2,FIN/EST,5,576.5,3.2882892676801596,1.0397993961338026,4.906477875877332,116
TEMPTED,factor_2,FIN/EST,6,669.0,2.914585495813478,0.8896822814881695,4.910595897845171,107
TEMPTED,factor_2,FIN/EST,7,712.0,2.1651371631523912,-0.4769387926374359,4.897053240879348,13
TEMPTED,factor_2,FIN/EST,8,854.0,3.120029556480675,1.1963904762674262,4.417979778206136,71
TEMPTED,factor_2,FIN/EST,9,887.0,4.053051528214074,1.9271064045737858,4.401523196658587,8
TEMPTED,factor_2,FIN/EST,10,1059.0,3.0908343016223156,1.7912899287590405,4.707512876665374,8
TEMPTED,factor_2,FIN/EST,11,1098.5,3.958789791032457,2.515966426939491,5.452498441948055,62
TEMPTED,factor_2,RUS,0,102.0,-3.4377785408413315,-4.3707891898695035,-2.288157803110292,6
TEMPTED,factor_2,RUS,1,185.0,-4.430716571923785,-6.203269427164752,-1.9704664314743296,75
TEMPTED,factor_2,RUS,2,264.0,-5.017891991919793,-6.659388387032823,-1.7771886561283448,115
TEMPTED,factor_2,RUS,3,365.0,-3.537694204822847,-7.229345998975198,-0.05762925102863435,125
TEMPTED,factor_2,RUS,4,449.0,-2.5329208392812506,-5.433652655797461,0.4776739643016193,101
TEMPTED,factor_2,RUS,5,549.0,-0.11814160844542332,-3.0288312908106945,2.6270265327711395,81
TEMPTED,factor_2,RUS,6,638.0,0.8829339595024772,-0.814249017897621,3.313955555731117,56
TEMPTED,factor_2,RUS,7,725.0,1.4171412234077692,-0.006901041827185955,2.8598661680777004,47
TEMPTED,factor_2,RUS,8,829.5,0.8997200157827776,-0.49984009800480955,2.369701410704242,24
TEMPTED,factor_2,RUS,9,919.0,1.908411837185437,0.24726168909091822,2.437242712886024,12
TEMPTED,factor_2,RUS,10,1011.5,0.5836053040569334,-2.047922666001872,2.1606960939284168,12
TEMPTED,factor_2,RUS,11,1101.0,-0.970482453752403,-2.8334494342322554,0.34271358757970005,3
TEMPTED,factor_3,FIN/EST,0,62.5,-3.090404590758892,-5.184970900391886,-0.3070400447459528,142
TEMPTED,factor_3,FIN/EST,1,165.0,-1.532136379768161,-3.636520298351832,0.6975794226807503,97
TEMPTED,factor_3,FIN/EST,2,293.5,1.4702731348297067,-0.3954709141105759,3.693828107839229,82
TEMPTED,factor_3,FIN/EST,3,386.0,2.4227434114142348,-0.106397525713177,4.630087901059629,88
TEMPTED,factor_3,FIN/EST,4,482.0,2.347872428791066,-0.1594164079451355,4.161888637917293,113
TEMPTED,factor_3,FIN/EST,5,576.5,1.8931815395884688,0.33565770472475864,3.814678294761288,116
TEMPTED,factor_3,FIN/EST,6,669.0,1.9508955521776445,0.07300817797736228,3.1079869853741733,107
TEMPTED,factor_3,FIN/EST,7,712.0,2.6700145423257973,0.8825317554555625,3.4285291177950974,13
TEMPTED,factor_3,FIN/EST,8,854.0,1.8566992615015525,0.5264476380579814,3.0160058473879428,71
TEMPTED,factor_3,FIN/EST,9,887.0,1.4395805584873282,-0.6789296398895058,2.1902003979105436,8
TEMPTED,factor_3,FIN/EST,10,1059.0,2.22946642187026,1.9777938456656905,3.173783306593073,8
TEMPTED,factor_3,FIN/EST,11,1098.5,1.687346033143065,0.3109972004535327,3.663622224043955,62
TEMPTED,factor_3,RUS,0,102.0,-3.921263446013623,-4.487990568383507,-2.9833416110200224,6
TEMPTED,factor_3,RUS,1,185.0,-5.064405602436934,-6.286155173921854,-2.6428294758747635,75
TEMPTED,factor_3,RUS,2,264.0,-3.273767509143813,-5.820531709346328,-1.6554095157374462,115
TEMPTED,factor_3,RUS,3,365.0,-2.1545519757065064,-5.043220094098036,0.5791422036933274,125
TEMPTED,factor_3,RUS,4,449.0,-0.09728950308542585,-2.9508703584102216,2.9210684079713647,101
TEMPTED,factor_3,RUS,5,549.0,1.118073026526943,-1.0954244333429306,2.8718330132034144,81
TEMPTED,factor_3,RUS,6,638.0,1.4366056000068343,-0.5772586386488833,3.3279925411870916,56
TEMPTED,factor_3,RUS,7,725.0,1.7680370671981356,-0.05570732894515599,3.363862352904434,47
TEMPTED,factor_3,RUS,8,829.5,1.4627668841744268,-0.17231121944484926,3.6961428348364413,24
TEMPTED,factor_3,RUS,9,919.0,0.939281430711393,0.03764477691724688,2.6033051465604338,12
TEMPTED,factor_3,RUS,10,1011.5,-0.04734315022008927,-1.9792205494124708,1.5544702668362091,12
TEMPTED,factor_3,RUS,11,1101.0,-1.1912008416296527,-2.0767977074604116,-0.20673608391035625,3
TEMPTED,factor_4,FIN/EST,0,62.5,6.743957017828736,4.428970694082058,8.995108450178897,142
TEMPTED,factor_4,FIN/EST,1,165.0,7.433435530487027,4.684493990932681,9.134749948438744,97
TEMPTED,factor_4,FIN/EST,2,293.5,3.2522284489237485,-0.14841293941411107,6.601015157173082,82
TEMPTED,factor_4,FIN/EST,3,386.0,0.012823532269679274,-2.465796708597986,3.8658691414672317,88
TEMPTED,factor_4,FIN/EST,4,482.0,-2.2802328990491665,-4.721818245965209,0.5016138244183006,113
TEMPTED,factor_4,FIN/EST,5,576.5,-4.179369081873384,-5.838237523725416,-1.9018813615220198,116
TEMPTED,factor_4,FIN/EST,6,669.0,-4.628330272317297,-7.2319291376349,-1.2273040065113583,107
TEMPTED,factor_4,FIN/EST,7,712.0,-2.801682085146241,-6.418758781085192,1.880808577669416,13
TEMPTED,factor_4,FIN/EST,8,854.0,-5.679623651543142,-7.676414320478026,-3.1515723269005296,71
TEMPTED,factor_4,FIN/EST,9,887.0,-3.2855867587419274,-5.836523348416473,-2.508655875517699,8
TEMPTED,factor_4,FIN/EST,10,1059.0,-5.541357049271865,-7.372697199110647,-4.736813748317394,8
TEMPTED,factor_4,FIN/EST,11,1098.5,-6.983549754418934,-8.38787408840626,-5.148795763604596,62
TEMPTED,factor_4,RUS,0,102.0,4.688904637616748,3.8813074407403594,8.040084426670184,6
TEMPTED,factor_4,RUS,1,185.0,5.629662031156058,2.8738866360571294,7.876891361751718,75
TEMPTED,factor_4,RUS,2,264.0,2.0891126655052608,-1.4427308305039686,6.074689051635692,115
TEMPTED,factor_4,RUS,3,365.0,-0.6906815804470394,-2.9906656959855993,2.7290128299971497,125
TEMPTED,factor_4,RUS,4,449.0,-2.3634846882008542,-4.438763203898425,0.4328923713749057,101
TEMPTED,factor_4,RUS,5,549.0,-3.572459146118557,-6.185463160779034,-0.6448144495625275,81
TEMPTED,factor_4,RUS,6,638.0,-4.180946526449837,-5.678027537857144,-1.0357212247409076,56
TEMPTED,factor_4,RUS,7,725.0,-5.083588775404725,-6.649666625060949,-1.6344152758629418,47
TEMPTED,factor_4,RUS,8,829.5,-6.060694402441209,-7.305321109784373,-4.278345985910024,24
TEMPTED,factor_4,RUS,9,919.0,-5.623643185594354,-7.855076677704469,-3.124463470551025,12
TEMPTED,factor_4,RUS,10,1011.5,-5.175662888608455,-6.606971221308419,-2.4080703156372287,12
TEMPTED,factor_4,RUS,11,1101.0,-3.585855558858479,-4.565347695185564,-2.7775502712178,3
TEMPTED,factor_5,FIN/EST,0,62.5,1.9858313886382957,-0.5747197317928351,3.939379258555294,142
TEMPTED,factor_5,FIN/EST,1,165.0,-0.22875141287202935,-3.2808690323776815,1.8218006921014658,97
TEMPTED,factor_5,FIN/EST,2,293.5,-2.9512645444719876,-5.434702991086765,-0.9140361955414225,82
TEMPTED,factor_5,FIN/EST,3,386.0,-3.5847901179014974,-6.480430843886534,-0.729139742908859,88
TEMPTED,factor_5,FIN/EST,4,482.0,-2.824356946489812,-5.247149760667228,-0.4528537696654489,113
TEMPTED,factor_5,FIN/EST,5,576.5,-1.6200658710814795,-3.6052698820230615,0.9839836718596158,116
TEMPTED,factor_5,FIN/EST,6,669.0,-0.6780638163359752,-3.335907137844263,0.8901556042448726,107
TEMPTED,factor_5,FIN/EST,7,712.0,-3.0417528417373387,-4.0453694661854955,-0.881744510462333,13
TEMPTED,factor_5,FIN/EST,8,854.0,-1.2143651122342773,-2.6098389209637136,-0.15606829594225963,71
TEMPTED,factor_5,FIN/EST,9,887.0,0.00916579909804896,-0.31006105646081744,1.5189410875960536,8
TEMPTED,factor_5,FIN/EST,10,1059.0,-0.673950678277529,-2.6578789289497107,0.9208665732402833,8
TEMPTED,factor_5,FIN/EST,11,1098.5,-0.716271165903881,-2.773694213746609,1.150211912123342,62
TEMPTED,factor_5,RUS,0,102.0,-0.03287116761683642,-1.1575679675334134,0.45099852756739534,6
TEMPTED,factor_5,RUS,1,185.0,-1.522708644848953,-3.488968532210314,0.4980876307266131,75
TEMPTED,factor_5,RUS,2,264.0,-3.2239974288672952,-7.0994117476799214,-0.6702494828521777,115
TEMPTED,factor_5,RUS,3,365.0,-4.0494540488315565,-6.835441725229669,-0.8501480582706179,125
TEMPTED,factor_5,RUS,4,449.0,-4.746170930982041,-6.500646308976905,-2.176720580523986,101
TEMPTED,factor_5,RUS,5,549.0,-2.8339781564002213,-5.273748849082863,-1.042931639090377,81
TEMPTED,factor_5,RUS,6,638.0,-1.9262295652520083,-4.597249089535316,-0.7173815981888444,56
TEMPTED,factor_5,RUS,7,725.0,-1.8982482118978754,-3.6094679606872537,-0.4880040625438261,47
TEMPTED,factor_5,RUS,8,829.5,-2.3536447974782524,-3.5963582284307076,-0.19176628046864885,24
TEMPTED,factor_5,RUS,9,919.0,0.027292419956707115,-1.5838199966473911,1.1821854020789009,12
TEMPTED,factor_5,RUS,10,1011.5,-1.7509965784368058,-3.0590385014702495,1.5677904727417118,12
TEMPTED,factor_5,RUS,11,1101.0,-0.24451935143773143,-3.070789491466535,-0.17755466495482833,3
MEFISTO,factor_1,FIN/EST,0,62.5,0.7781273424625397,0.30007990449666977,1.1484251022338867,142
MEFISTO,factor_1,FIN/EST,1,165.0,0.4278851449489593,0.0023603516824504,0.859060021491603,97
MEFISTO,factor_1,FIN/EST,2,293.5,-0.4483857899904251,-0.8198331479972218,0.18015401221351252,82
MEFISTO,factor_1,FIN/EST,3,386.0,-0.7226236206509775,-1.1762531697750092,-0.29926653206348414,88
MEFISTO,factor_1,FIN/EST,4,482.0,-1.183782935142517,-1.4349278986820695,-0.7367501854896545,113
MEFISTO,factor_1,FIN/EST,5,576.5,-1.4011734127998352,-1.6541202068328857,-1.1105637848377228,116
MEFISTO,factor_1,FIN/EST,6,669.0,-1.4454501867294312,-1.7321316003799438,-1.0417942504694344,107
MEFISTO,factor_1,FIN/EST,7,712.0,-1.2280477285385132,-1.648450255393982,-0.9592241048812866,13
MEFISTO,factor_1,FIN/EST,8,854.0,-1.6409060955047607,-1.9044089687998706,-1.1167573785709504,71
MEFISTO,factor_1,FIN/EST,9,887.0,-1.2694523512126146,-1.3259762227535248,-1.164176046848297,8
MEFISTO,factor_1,FIN/EST,10,1059.0,-1.7423575572181722,-1.9152118164449148,-1.261964372992459,8
MEFISTO,factor_1,FIN/EST,11,1098.5,-1.741207989478411,-1.9586772769257945,-1.3985760611456066,62
MEFISTO,factor_1,RUS,0,102.0,1.036402404308319,0.5418982431292534,1.5450311056463255,6
MEFISTO,factor_1,RUS,1,185.0,1.0113396644592283,0.34192380309104914,1.3349914393564997,75
MEFISTO,factor_1,RUS,2,264.0,0.2559310793876648,-0.5085313091750416,0.8712990283966064,115
MEFISTO,factor_1,RUS,3,365.0,-0.4279471933841705,-0.959690809249878,0.2346854572313859,125
MEFISTO,factor_1,RUS,4,449.0,-0.8537934422492981,-1.2554692029953003,-0.4249636828899383,101
MEFISTO,factor_1,RUS,5,549.0,-1.14912211894989,-1.49709951877594,-0.8564722537994385,81
MEFISTO,factor_1,RUS,6,638.0,-1.3287190794944763,-1.585440786510489,-0.9481316953897476,56
MEFISTO,factor_1,RUS,7,725.0,-1.46478009223938,-1.653086006641388,-1.085527241230011,47
MEFISTO,factor_1,RUS,8,829.5,-1.4629241228103638,-1.8502944111824038,-1.273979758386531,24
MEFISTO,factor_1,RUS,9,919.0,-1.5262047052383423,-1.7142452597618105,-1.0233423709869385,12
MEFISTO,factor_1,RUS,10,1011.5,-1.4224002957344055,-1.6716263592243195,-1.225819855928421,12
MEFISTO,factor_1,RUS,11,1101.0,-1.371859431266785,-1.5057499408721924,-1.34677654504776,3
MEFISTO,factor_2,FIN/EST,0,62.5,1.2624169661103652,0.9227352738380432,1.7050088047981264,142
MEFISTO,factor_2,FIN/EST,1,165.0,1.577283263206482,1.2441014051437378,1.908706191899648,97
MEFISTO,factor_2,FIN/EST,2,293.5,1.4832978248596191,1.1206786181845145,1.868597570174518,82
MEFISTO,factor_2,FIN/EST,3,386.0,1.1568732868426514,0.7978854328393936,1.709844946861267,88
MEFISTO,factor_2,FIN/EST,4,482.0,0.9660635590553284,0.6575080118381139,1.2835168838500977,113
MEFISTO,factor_2,FIN/EST,5,576.5,0.9158236866336269,0.4758275672793388,1.2910058013178167,116
MEFISTO,factor_2,FIN/EST,6,669.0,0.7276476557044076,0.32461789701440336,1.1734017874473506,107
MEFISTO,factor_2,FIN/EST,7,712.0,0.9161391854286194,0.717843655775355,1.1150018666902763,13
MEFISTO,factor_2,FIN/EST,8,854.0,0.6845746899215553,0.25045402348041534,1.0206629633903503,71
MEFISTO,factor_2,FIN/EST,9,887.0,0.8501055291471102,0.28080205672844827,1.0895449805542454,8
MEFISTO,factor_2,FIN/EST,10,1059.0,0.3832806944847107,0.03280099056880112,0.8429763559255967,8
MEFISTO,factor_2,FIN/EST,11,1098.5,0.5754547177071608,0.2636865973472595,0.897397075215303,62
MEFISTO,factor_2,RUS,0,102.0,0.6709609925746918,0.3292200416326523,1.0652147339413867,6
MEFISTO,factor_2,RUS,1,185.0,0.6159345507621765,0.26600726681814024,1.0012871763860167,75
MEFISTO,factor_2,RUS,2,264.0,0.4970372915267944,-0.10277049468869284,1.0470384359359741,115
MEFISTO,factor_2,RUS,3,365.0,0.3202584385871887,-0.1259688436985016,0.7324485778808594,125
MEFISTO,factor_2,RUS,4,449.0,0.2576382756233215,-0.0158614926040172,0.6432497501373291,101
MEFISTO,factor_2,RUS,5,549.0,0.3407609462738037,-0.0697867234371287,0.9636483788490297,81
MEFISTO,factor_2,RUS,6,638.0,0.518140686814353,0.1152979638427496,0.9880579113960266,56
MEFISTO,factor_2,RUS,7,725.0,0.4732825756072998,0.09490993013890389,0.7469004929809298,47
MEFISTO,factor_2,RUS,8,829.5,0.014655100181698801,-0.30135416984558105,0.5631086081266403,24
MEFISTO,factor_2,RUS,9,919.0,0.22828175872564316,0.12016267238803743,0.606657937169075,12
MEFISTO,factor_2,RUS,10,1011.5,0.010747199878096598,-0.37882246822118754,0.3102156668901443,12
MEFISTO,factor_2,RUS,11,1101.0,-0.2072118520736694,-0.32388477027416224,0.03542770445346832,3
MEFISTO,factor_3,FIN/EST,0,62.5,-1.8742695450782776,-1.9127915501594543,-1.8528732359409334,142
MEFISTO,factor_3,FIN/EST,1,165.0,-1.9000598192214968,-1.9190614223480225,-1.8794220685958865,97
MEFISTO,factor_3,FIN/EST,2,293.5,-1.9188581975036083,-1.9331740904659094,-1.8967633545398712,82
MEFISTO,factor_3,FIN/EST,3,386.0,-1.9284293722589765,-1.9569720923900606,-1.9093286960762352,88
MEFISTO,factor_3,FIN/EST,4,482.0,-1.9296741485595703,-1.951726333820594,-1.899784163776547,113
MEFISTO,factor_3,FIN/EST,5,576.5,-1.921030441402713,-1.9480251371860504,-1.9022862218128105,116
MEFISTO,factor_3,FIN/EST,6,669.0,-1.91763747802416,-1.9450482726097107,-1.8981610462275222,107
MEFISTO,factor_3,FIN/EST,7,712.0,-1.9189136028289795,-1.926878571510315,-1.8772558419981007,13
MEFISTO,factor_3,FIN/EST,8,854.0,-1.881731986999512,-1.909104062738865,-1.8674462437629697,71
MEFISTO,factor_3,FIN/EST,9,887.0,-1.8826014257191646,-1.8985320285907954,-1.874910980463028,8
MEFISTO,factor_3,FIN/EST,10,1059.0,-1.8165974617004395,-1.86690093657104,-1.7950604557991028,8
MEFISTO,factor_3,FIN/EST,11,1098.5,-1.8027406930923462,-1.8957488100224817,-1.7738222181797028,62
MEFISTO,factor_3,RUS,0,102.0,-1.8981904983520508,-1.926963675354348,-1.8689510524272919,6
MEFISTO,factor_3,RUS,1,185.0,-1.9183593815979816,-1.9293952645552195,-1.9022319912910461,75
MEFISTO,factor_3,RUS,2,264.0,-1.9249811172485352,-1.9453991320194475,-1.9053012132644653,115
MEFISTO,factor_3,RUS,3,365.0,-1.9275621175765991,-1.9553335905075075,-1.9127481788570344,125
MEFISTO,factor_3,RUS,4,449.0,-1.937461495399475,-1.9631088972091677,-1.9133070707321167,101
MEFISTO,factor_3,RUS,5,549.0,-1.935157060623169,-1.9588450193405151,-1.908289068983306,81
MEFISTO,factor_3,RUS,6,638.0,-1.9210569176311734,-1.9367606937885282,-1.9034374750088525,56
MEFISTO,factor_3,RUS,7,725.0,-1.8966538906097408,-1.9176152606989856,-1.8772574663162231,47
MEFISTO,factor_3,RUS,8,829.5,-1.887193500995636,-1.9090754985809328,-1.8598959147930143,24
MEFISTO,factor_3,RUS,9,919.0,-1.8441716432571411,-1.8596026599407196,-1.824379026889801,12
MEFISTO,factor_3,RUS,10,1011.5,-1.8026285767555237,-1.81448557972908,-1.79032900929451,12
MEFISTO,factor_3,RUS,11,1101.0,-1.7651102542877195,-1.796927034854889,-1.7557552456855774,3
MEFISTO,factor_4,FIN/EST,0,62.5,0.3784563544207258,-0.12395242485596912,0.7823400032789238,142
MEFISTO,factor_4,FIN/EST,1,165.0,0.2131182104349136,-0.2675741016864776,0.6422719585088498,97
MEFISTO,factor_4,FIN/EST,2,293.5,0.23835882446522735,-0.3348453044891357,0.6355135440826416,82
MEFISTO,factor_4,FIN/EST,3,386.0,0.2394737005233764,-0.270358422277945,0.5370662140018964,88
MEFISTO,factor_4,FIN/EST,4,482.0,0.120821826159954,-0.4287015795707702,0.6322200894355774,113
MEFISTO,factor_4,FIN/EST,5,576.5,0.14373721927404398,-0.2779904901981354,0.6304442435503006,116
MEFISTO,factor_4,FIN/EST,6,669.0,0.0952847227454185,-0.30210697650909424,0.4827812432520766,107
MEFISTO,factor_4,FIN/EST,7,712.0,0.1091403141617775,0.0041327076032757,0.2465189099311828,13
MEFISTO,factor_4,FIN/EST,8,854.0,-0.0176076367497444,-0.640242725610733,0.33094800303822125,71
MEFISTO,factor_4,FIN/EST,9,887.0,0.22995264002011234,-0.49561117150031014,0.6032731384038925,8
MEFISTO,factor_4,FIN/EST,10,1059.0,-0.4151668273509404,-1.147878438234329,-0.037126225924123374,8
MEFISTO,factor_4,FIN/EST,11,1098.5,0.046714225050737496,-0.5837158992309254,0.7523391097784042,62
MEFISTO,factor_4,RUS,0,102.0,0.0732125263099838,-0.1755531839372897,0.7796293904070724,6
MEFISTO,factor_4,RUS,1,185.0,0.2009250620446005,-0.28357503520870275,0.8411877751350403,75
MEFISTO,factor_4,RUS,2,264.0,-0.3529088795185089,-1.008433278409386,0.40152600407600403,115
MEFISTO,factor_4,RUS,3,365.0,-0.1965472996234893,-0.8027311563491821,0.4718509912490845,125
MEFISTO,factor_4,RUS,4,449.0,0.2054256349802017,-0.2607223093509674,0.826709867309882,101
MEFISTO,factor_4,RUS,5,549.0,0.6066337823867798,0.1379842907190323,1.2111347913742063,81
MEFISTO,factor_4,RUS,6,638.0,0.5350048294260452,0.2263465366469184,1.3469315580635948,56
MEFISTO,factor_4,RUS,7,725.0,0.5602819874435524,0.0761626437306404,1.2909818291664124,47
MEFISTO,factor_4,RUS,8,829.5,0.41258078813552856,-0.14339561760425562,0.7873861640691757,24
MEFISTO,factor_4,RUS,9,919.0,0.2651498168706894,0.06324050016701217,0.7839740216732025,12
MEFISTO,factor_4,RUS,10,1011.5,0.23311357200145721,-0.33719389885663986,0.6342757195234299,12
MEFISTO,factor_4,RUS,11,1101.0,0.4269471764564514,0.3361836150288582,0.5464321076869965,3
MEFISTO,factor_5,FIN/EST,0,62.5,0.5816468802481989,-0.3235954109596022,1.2694783806800842,142
MEFISTO,factor_5,FIN/EST,1,165.0,-0.0880767852067947,-1.2824654579162598,0.2698093713736914,97
MEFISTO,factor_5,FIN/EST,2,293.5,-0.5812707265075054,-1.056521862745285,-0.18393199298893825,82
MEFISTO,factor_5,FIN/EST,3,386.0,-0.8450963631344317,-1.2610179483890533,-0.23173206252342576,88
MEFISTO,factor_5,FIN/EST,4,482.0,-0.5239973664283752,-1.0368680953979492,-0.0973324924707412,113
MEFISTO,factor_5,FIN/EST,5,576.5,-0.26686805003272973,-0.7469783127307892,0.15432767597012795,116
MEFISTO,factor_5,FIN/EST,6,669.0,-0.3053356174855745,-0.8384572267532349,0.07943138480186454,107
MEFISTO,factor_5,FIN/EST,7,712.0,-0.7503635883331299,-1.02311620320969,-0.3986435265301783,13
MEFISTO,factor_5,FIN/EST,8,854.0,-0.2540903616311044,-0.5949023365974426,0.0921040807915499,71
MEFISTO,factor_5,FIN/EST,9,887.0,-0.19956229466942094,-0.6899076700210571,0.26579725262651144,8
MEFISTO,factor_5,FIN/EST,10,1059.0,0.0128850806504488,-0.3645945600379479,0.23055212251392734,8
MEFISTO,factor_5,FIN/EST,11,1098.5,-0.02601878002683435,-0.290675550699234,0.2507640896497511,62
MEFISTO,factor_5,RUS,0,102.0,-0.3129342204875065,-0.5278087932142771,0.07764095813035964,6
MEFISTO,factor_5,RUS,1,185.0,-0.4711624383926391,-0.8021582961082458,-0.045462808692621454,75
MEFISTO,factor_5,RUS,2,264.0,-0.7031559944152832,-1.3338581323623657,-0.27383752526970995,115
MEFISTO,factor_5,RUS,3,365.0,-0.7474068155624682,-1.3365002870559692,-0.2148189549184524,125
MEFISTO,factor_5,RUS,4,449.0,-1.0033230781555176,-1.4059865474700928,-0.4043418765068054,101
MEFISTO,factor_5,RUS,5,549.0,-0.7960318922996521,-1.233329176902771,-0.2067254930734634,81
MEFISTO,factor_5,RUS,6,638.0,-0.5202783741550334,-0.876496635145391,-0.07484830915927886,56
MEFISTO,factor_5,RUS,7,725.0,-0.5670886635780334,-1.0346366167068481,-0.15681668743491167,47
MEFISTO,factor_5,RUS,8,829.5,-0.3524186277546246,-0.8771578818559647,-0.01980249537155025,24
MEFISTO,factor_5,RUS,9,919.0,-0.29863613981334075,-0.5917316824197769,0.21553195640444756,12
MEFISTO,factor_5,RUS,10,1011.5,-0.49006029963493347,-0.8077367693185806,-0.04606401734054087,12
MEFISTO,factor_5,RUS,11,1101.0,-0.6129582524299622,-1.1472794115543365,-0.3481146097183227,3
