subject_id,factor_1,factor_2
E002338,-0.17639789417737162,1.5897757973644215
E002473,-0.29197501963575667,1.6077949412300034
E002681,0.5458208609555827,1.7104292926776417
E003393,0.8353452673997563,1.7123479746968207
E004071,-0.2051883093847332,1.6390803323934158
E004080,-0.1550745053923183,1.8335449291850443
E004781,-0.11771774165031496,1.6351928953575452
E004934,-0.14865822623986893,1.6381082821073372
E005804,-0.39417237747059863,1.609837159187331
E006871,-0.1707398432377983,1.592925181457979
E007303,-0.8248389497922699,1.602884249693925
E007743,-1.0960598519843545,1.5617895974605762
E007980,-0.27518597697140806,1.5971137748558928
E008241,0.09262278714135934,1.7085919513031513
E008357,-0.4184331633585606,1.6910459042070385
E008437,-0.45333042103371435,1.63443371450167
E008643,0.04019389926379292,1.5902380715948
E009020,0.22260267647173784,1.7819248252456015
E009667,-0.1724570761500489,1.6665525102422107
E009676,-0.17770140483423427,1.614298497232245
E011183,-0.15001715322177325,1.6899648772062061
E011459,-0.9493616538765685,1.5324259618936646
E012115,0.1868196982454879,1.7113568924236646
E012124,-0.521742468351703,1.6112916584617951
E012393,-0.21984910675866845,1.5981990035429237
E012678,-0.12427983251948634,1.6742384271661703
E012971,-1.2053517560978455,1.5597222900802676
E013394,-0.10929720701619892,1.6480121123736697
E014953,-1.5524583952828042,1.596560114584749
E015208,-0.9878303216551226,1.576979837072157
E015378,-0.5605212066478958,1.581418866394678
E015991,-0.7418637732078527,1.5611712362315748
E016148,-0.31538607983290634,1.6383855411144328
E016444,-1.076411985206103,1.6092269986192773
E016681,-1.109692956498324,1.5273172823260674
E016870,-0.6948086880546968,1.6436595461553296
E017049,-0.49205133525837536,1.6212254996739524
E017715,-0.9611570155893846,1.6157954545608177
E018421,-1.1453301834480818,1.6094649562098569
E018574,-0.9426485839424021,1.617195201251318
E019160,-1.654334796305296,1.6856203147392421
E019187,-0.4126250052822056,1.5950244307539738
E019349,-0.3372079692074076,1.6190096367339437
E019793,0.27433188015941357,1.5495684801521872
E020682,0.24454286237925882,1.6672689648765817
E020781,-0.4323814296110942,1.5893924833329331
E020808,-0.5758469713101092,1.5779666778134072
E022083,-0.21502172431999664,1.6095704598939948
E022960,-0.8126463760164231,1.6038583147604486
E023535,-0.5421451487931427,1.6203353201594768
E023681,-0.9591748830639305,1.5897061564542636
E023705,0.38197611395035264,1.6735005515730472
E023839,0.05926065341125727,1.6620019451968602
E024240,-1.054716774274278,1.5956014446904687
E024646,-0.05939109956501971,1.653075847092511
E025671,-0.5676325071192446,1.6401501681682185
E025912,-0.9221541773821516,1.651767894426975
E025921,-0.5278907407920901,1.6413258121083047
E026343,-1.6108811531922258,1.6595585838381066
E029310,-0.751995058715427,1.605683093293248
E029796,-0.7372335465514304,1.5449126861930615
E030828,-0.811476389775563,1.6432223785355995
E030933,0.2234472348993218,1.6308241212107408
E031941,-0.31187324865920407,1.6347939403685994
E032745,-0.9273657627212053,1.6222259631448133
E033036,-0.43751474868117596,1.686248077935668
E033156,-0.43504491596648703,1.5824040901478564
E034324,0.6598728315952591,1.6569074753388477
E034885,-0.8842316391786323,1.6392046006482088
P000648,-0.09419350621821501,1.6691350489869816
P000675,-0.1066989482963829,1.7108895251903853
P000756,0.6073855960120952,1.7347182387418858
P001307,-1.1070785149471287,1.6066113079760527
P001363,0.16135623413244232,1.7037157149685236
P003173,-1.4803776385636822,1.5257468254960662
P003191,0.4826263412386928,1.7071629799021772
P003435,-0.17199086825416632,1.7227776701258364
P003558,0.6638089693788503,1.6846454068442995
P004113,0.030881090666677852,1.6547770725660411
P004230,-0.3244529134364377,1.6965550975926815
P004847,1.4256873118248639,1.7040616005886602
P004946,-0.8823888523262337,1.7606715773798711
P005135,0.06669804549256389,1.7011446376753763
P005279,-1.0450599262185265,1.534269338225831
P005342,0.09710847353831037,1.7091913023978151
P005558,-0.03902782383251475,1.576101774692296
P006035,-0.7290676473209078,1.7214349838325989
P006862,-1.0937013824729902,1.6129769155702876
P007550,-0.16437205535638544,1.769409349835618
P007649,-0.8070410385432254,1.5858102674317371
P007857,0.028882640769588255,1.7362672628977887
P008119,-0.26225690020402065,1.7164061484441762
P008543,-0.00759597918896926,1.727638248735996
P008579,-0.1487931069122663,1.6907075551390862
P008633,0.46893313419952787,1.7592654906600782
P008723,-0.09737724350903598,1.692074235860888
P008939,-0.5241142755273549,1.7288647648050681
P009219,0.6224291231934769,1.7175616009424368
P009291,-0.11969599351830579,1.616324402087794
P009746,-0.06831668800540674,1.6872587880993768
P009880,0.8330539883473785,1.715983140806314
P010096,-0.44885317299265187,1.5826021191693345
P010313,0.881055037972014,1.7463113778640833
P010322,-0.23716245926442303,1.663347939663178
P010936,-0.8624247189760935,1.639662192968242
P011108,-0.7475306924440195,1.7091909633821123
P011207,0.9462012478785532,1.7556374243805284
P013454,0.42744032183658714,1.7554721004960674
P013701,-0.22770310396727236,1.7288789749226119
P013823,0.021623881063892462,1.704803284898167
P013960,-0.6871783966167584,1.6527789923287226
P014605,-0.46302890384175094,1.7186410198447464
P014713,0.2209380349861479,1.6995658772083777
P014839,-0.4276729406424034,1.6092951805903353
P015091,-0.301462356919123,1.6787825649988093
P015163,-0.5352497538945331,1.6223822778320192
P016497,-0.76211899364479,1.7095580683269969
P016574,-1.2611046795874263,1.6394638832705448
P016803,-0.7656667176435604,1.6195553163359893
P017255,0.31966667911669616,1.7704989472691062
P017671,-0.44482529914505403,1.6593044433810864
P017743,1.029920120873705,1.7323703568434379
P018832,-0.27801749172699886,1.6378199531439384
P019222,-0.03504382466073972,1.6984578203503575
P019475,-0.11036860050610317,1.6839797714399192
P019854,-1.1078234823396447,1.5017428682490415
P019980,-0.8110191152008125,1.6085458745495878
P020604,-0.9226813567575717,1.5842579825934135
P020631,-1.3911717994280297,1.441931810649462
P020799,-1.381846547446867,1.643657674508768
P020861,-1.232316682155021,1.6731862428956592
P021343,-0.25140301935443016,1.5917449140545419
P021772,-0.9561899723070107,1.5707414282118781
P022130,-0.4207965558583851,1.6904438904055874
P022222,-0.9190146216882162,1.6936990411230206
P022384,-1.234455109233188,1.5706496060936679
P023918,-0.966253630874571,1.751551222191627
P026562,-0.846120445137994,1.687922102411988
T000094,-0.3937101509201199,1.6177625039297066
T000272,-0.4451677766584127,1.586882111636195
T000461,-0.5462438002661175,1.6631888224825118
T002534,-0.41658469760466477,1.6150116137965718
T003353,-0.1888879751330205,1.635163274803725
T003355,0.11826750051518167,1.6696793856602647
T003745,-0.2815297961496015,1.6384565622446967
T003950,0.16959200550392325,1.6055298075875153
T004341,-0.18454048228211137,1.6246690735689315
T005507,-0.9184579632570312,1.6154184460468148
T005643,-0.5101882992260709,1.625533170981351
T005999,0.0700998918672697,1.6547622573808074
T006266,-0.3751344646085144,1.6088772265515459
T006288,-0.4573655894568692,1.684747042914731
T007404,-1.1409782765252219,1.5211724255108467
T007748,-0.3549087838578068,1.5713472495501482
T007750,0.3934059993205469,1.6124285789979798
T008025,-0.3835195820872386,1.5978363403769824
T008246,-0.35604865583931417,1.6017886658843803
T008247,0.06901691585011208,1.6277535480428256
T008631,-0.36302526360514786,1.6229980045220573
T009275,-0.1901888387598654,1.6760970907504107
T009280,-0.7137738228718318,1.583788337640496
T009717,0.06042564960878974,1.6602742386746516
T009909,0.041358042452697696,1.6575253654858577
T010520,-0.09996510478310866,1.6225258501871043
T010532,-0.5629919576305404,1.6742772569468372
T011454,-1.204040075112018,1.572578805786645
T011676,0.18715933594761794,1.6505177332781786
T012121,-0.39213444160702554,1.5530156155298964
T012138,-0.7629390979858268,1.5862032725126214
T012312,-0.6465543843732988,1.6318366382519678
T012374,-0.3211916974223525,1.613843343633354
T012389,-0.7814708441642252,1.5626702451702206
T012977,-1.5816909576724034,1.5044766402735013
T012983,-0.9259954535004304,1.5841139213642572
T013431,-0.3339709438482523,1.6693056984885166
T013828,-0.9285789921808286,1.6257053928330742
T013832,-0.4452718836092903,1.569647948344489
T014197,-1.7514391021414741,1.547134845144627
T014575,-0.3065538797396107,1.6683218367575001
T014800,-1.045257382544744,1.563829122730483
T014801,-1.0771836159914543,1.5993903309603457
T014806,-0.3023982572809386,1.582197335428335
T014827,-0.6294521065847863,1.5789330935297732
T016234,-0.5602598918656254,1.6325894406631605
T016548,0.005186896719203049,1.5900972814298566
T016811,-0.7533723222067702,1.5995692552657301
T016812,-0.44444519329278387,1.5671085578576882
T016834,-1.2187586311328416,1.5423751920838753
T017394,-0.6431920490801313,1.581279915930295
T017419,-0.9085883507230118,1.6464016263857433
T018343,-0.6285995595937592,1.6153622814328958
T019021,-0.5478715691186806,1.5871329175428743
T019031,-0.38306013718923876,1.6807516014911257
T019850,-0.11985068767923845,1.605788704813734
T019852,-0.529268876939938,1.650022709206605
T019853,-0.6176641121288626,1.6068950871906194
T020231,-0.9031978564946783,1.6176659388435586
T021076,0.15674239381463512,1.6172251587781163
T021613,-0.6133680950912099,1.5603262181954947
T022883,0.1071813666376496,1.666254028189719
T023390,-0.19529389443010411,1.6198592770061984
T023909,-0.33259873091812997,1.664991404727969
T024121,-0.17099366306020533,1.647092653866931
T025415,-0.6150510518533313,1.6204056410633327
T026211,-0.7709931622422898,1.5862229692861658
T028029,-0.5616967480057128,1.7508674065139997
T028183,-0.7592072468162133,1.5656249576075687
T029687,-0.6723665640014326,1.5868215759674804
T029922,-0.3378989709341184,1.6991795443245967
